user_id,int_u_id,latent_1,n_reviews
-3uRUjmr1uEn-lLrhwRMCg,0,1.5096965103338755,9
-5ohKzWWOzAG1M1OtcoPgQ,1,1.4179491102395425,36
-6INbtn3i61aHyJhDml_Lw,2,1.3151251489676528,8
-8nmj3B-tfY_vFiimtBOsw,3,1.557355479869982,22
-9cnvXL_8dmt7XkdSVGayw,4,1.1126753404163243,7
-A8NWVsLSAQX_XTqt4WPmg,5,1.6110225997431655,7
-Aw9kRoXmFptUMN2XkJY9w,6,1.7226264534250166,7
-B2NxZerjNSMfPiHDXrqHA,7,1.476155000052542,9
-EkcGnTwDJ3p3sYyQhUgJA,8,1.4906613265182822,5
-FFqZupwGHf-vrsUHMr_vw,9,1.7597873489009794,6
-G7Zkl1wIWBBmD0KRy_sCw,10,1.693182107541294,7
-HMryuf0scfllObkYFF0hg,11,1.777188511663295,11
-KduD3wwydWDq2GrODh2tw,12,1.5717036373329332,11
-KpEgEen1tj-jdjIS7uVOw,13,1.4488293107831933,58
-MAlrTw5nZSnjh8Hz1T7Ww,14,1.7138053676403877,12
-McsOQoDzuHydkaKNvkHBQ,15,1.5588561140489652,4
-NGTyAjScwkhmuuNKJuHbA,16,1.748072465511482,10
-NwDw6HgVpA4ys6WYcI6Xg,17,1.6059905189705956,44
-OwkM7YDnPbwGxiKd7rptw,18,1.4779823039758095,8
-ShdX4pDKrldKfic9rHhSQ,19,1.5064882163450921,19
-TN8EnEkRjaOAXNmGr5j0A,20,1.9327677736238391,4
-TY8OmgqWG9i2xlgEhr8pA,21,1.4341905293456405,37
-Uxxkp1B9Thul3frp_L5mA,22,1.556599405821943,8
-V7frksbFjKQYVhrPnnlPw,23,1.8651405540948953,10
-ZqPTpx9TyyvdAWbajdilA,24,1.5189823701360805,13
-_2h2cJlBOWAYrfplMU-Cg,25,1.5193041668433336,21
-a0XgJCXoJln2Ue_JMnfIQ,26,1.2623798405802844,24
-dpNp1PpdvK7EbHfiN95Cg,27,1.3448677755781002,22
-ibb_cZiaht_DjkIqDUF_Q,28,1.730932938758526,9
-o8qqlFjEDq849SQEoqhcQ,29,1.10088287856172,8
-oMzx1o-o62e5tcBmomcng,30,1.6862913229650491,8
-rHPIHFPIaKxYYxqTsGcbQ,31,1.6531313422482168,21
-w7ww3yW5BHE3TFyj3IHuQ,32,1.4087780859421033,32
-y8mv6-8C-IJWsy00EWAfA,33,1.3161239609760622,44
0-H9ASZU3JtiI5QNM1abbA,34,1.8732912434182816,8
01jBBxML0yvIQ48lefFRJA,35,1.537069335298348,9
06hNNsVZO78El38qNJaETA,36,1.7150982258480845,22
06ileEKtKsGrY_MDzdxt6Q,37,1.3729476082565335,9
09WhZPo9JAp1gu4-HVVdWA,38,1.7261940058730851,12
09maL_m5yM-2RwPf9DW0Sg,39,1.3515589315590508,9
0BBUmH7Krcax1RZgbH4fSA,40,1.6519696604053586,10
0Dc2P4wl36rfP_KYt9_-3g,41,1.842118305561517,7
0KuF3n51N0eiZnv2SS4wFw,42,1.3463597442567226,19
0LR5172DTMGI7faywMsXFg,43,1.6438326885368575,5
0NZLdG_w3OWW0QsbnuHUqQ,44,1.5506791663676027,5
0TJ01iwzVLXtr_EYcfqoWQ,45,1.5304365192865954,87
0Ul2IM3W9jwPPzqsItItJQ,46,1.7363154400547063,5
0V44Yx8pIOt_acaWixmW2Q,47,1.7712019077395704,12
0ZQMbnBUpuMpf1_DiT3HyQ,48,1.602754508106008,8
0b6EVoYxrt1U9U00kf5uig,49,1.8826729923832213,6
0cfpgpRmB-n2Rhz-3MPEMg,50,1.5850652434316082,9
0gZ8E5tBWTEtGEZDuTzhzw,51,1.5925856120829882,42
0iL5V6OzHrWE-CJXgsXvdQ,52,1.1059129378413954,12
0j0XQ8SH2M4vmmo5s30YjQ,53,1.743725264004415,11
0ltgWEg8_n8BMmul-ETa4Q,54,1.658529934123455,10
0mNc6wrs3DeuoOsV2d5IHA,55,1.4825528187143047,6
0mgy6emSgVZZC0j6ltKuvA,56,1.6839278966431332,9
0qUQHSgDJ1SYBix9J28Wrw,57,1.689307535364896,10
0rEGb1hmK_Br4UGOfOBHpg,58,1.45298073505027,22
0rSY77NhhBi2ZCoJhwDMqw,59,1.5649107952924597,10
0srYAm87LvDbnWT0NKm13g,60,1.5869227923355196,7
0tf14Cq5NU3PBINpEDXZdQ,61,1.5579466191713147,15
0w03V5AjlO_EHnRRorlLFQ,62,1.6444937792906962,8
1-jXdWA0VpEQBsjXPblj6w,63,1.3894388777273623,5
11V_zUrpadPKvPQpQ-Ctiw,64,1.1139160849146532,14
1652MDlbA0pOtsq7U1Ygow,65,1.5578258902974924,18
175HdA_nJxsR42steUiIXg,66,1.3246221712830337,4
17dx_x9W_7QBT-3oiQQEQQ,67,1.8090591369527707,14
1AeOSlD_ba2iGZbd2pvxtw,68,1.600233959533781,26
1Bljt-GngRP4XxkQFLnHHQ,69,1.423563563186278,58
1DhKvepHRNKs3aUw6NSOKg,70,1.4874261156407238,12
1FAKs3CAQQLBgdB23GeDIQ,71,1.7025035188863744,24
1Fz81SDs6kLN6ZiSL0vdmw,72,1.4658474206119618,9
1IlAUJUVLAUygMiNvavDxg,73,1.3653234433710535,11
1JxVvMkDcFLQfupnsqWKKA,74,1.5124945523174438,8
1LdXqpTv0bcKQVkQB6Lttg,75,1.4548112300606941,5
1M-3H0aVJdU0P3QZ8LIPqQ,76,1.0001628058672207,21
1Nkuhh-HOUB7XUfgImWxmw,77,1.557872497175066,35
1NvUUiV6yKxhZUKGXSQzhA,78,1.5159549393977756,16
1O638BDK_fWuxgTVJwff-A,79,1.6266068273797512,24
1V7883W5i_F3mptabTXFIw,80,1.3856968784077526,42
1ViT_LzrNbbrheWgIvT5Tw,81,1.588990238271257,39
1Y5sVYKQACmepTltxEby2A,82,1.7712235741172582,9
1gZAw-0C7xe7BMCds_Qt9Q,83,1.5526133124552288,8
1hJQYk3NiajdYK58TQi9EQ,84,1.6973525082502434,21
1hT5oewKWdp-RsZL4J0UfQ,85,1.4787122916754376,68
1j3PBhaemKwcBV_-O2M-_w,86,1.357093504595012,9
1kNsEAhGU8d8xugMuXJGFA,87,1.5412453138330422,15
1lRbzzJ5yXGq6K0CpUCbMw,88,1.530501471111389,25
1nQxUEbpuWxlMzdF85Zt6g,89,1.7068769690809409,12
1nWxY0fXnjZ7cNGEZvFsjg,90,2.052016264603375,5
1qa2Ui6_pt_N5O182BiExg,91,1.295589999184491,17
1uAYFHDQYxoKDA8LaGlgDw,92,1.7708572619406153,6
1uUwbiQfayJiGhqx3CjjIg,93,1.4992080317568734,13
1uys55OaSi9WMZyP-N_CSw,94,1.6996819394564404,5
2-gnDYB2aM2xtmYk5R5zoQ,95,1.9540124572372766,7
20yd50E-QxETaS6tq5Bmng,96,1.5442119889667603,8
24GGbOPR3yCCjAq4jU3o9Q,97,1.4525934556071205,14
24PEh_u1nWZDznOwINkgow,98,1.826066592106106,9
24vj4bxao3cfDWXAq4zpbw,99,1.049836518118801,7
25Atk9HXBhk_dJiCsBTzdw,100,1.4067021511945765,32
29K-usmZfVDeIaQ85EG54A,101,1.4971949558539672,12
2CJUkvb9neAHCfTH1I41dQ,102,1.6464853551216183,6
2LLDDR6AJWBSvtTsXgKu7A,103,1.4855088718700395,7
2LptcvhkcFyNXT_NZDPpaQ,104,1.8245864612890577,24
2MltBu2xD1n5ArAf6Kv2IA,105,1.4093803450514828,14
2T7IWnZjZcifxS305CprUQ,106,1.3744851441908745,22
2T9jEMmiv_uE8OgyvLCLqw,107,1.5328229502958526,6
2XDTpvVKW2aJwlyyNWwGsg,108,1.4702530316581273,13
2ZfhOYE8NKSxv8bXG5lDnQ,109,1.6271493828552226,13
2_mSppyp2y08wUTrVPKnNg,110,1.515087216383647,14
2av488ePvb-Z4qgeNDpWCg,111,1.510654921227103,57
2bfpsTEAuAsY93ELDBVr_A,112,1.4225308362985352,27
2cYzMUmMqrGmj4w6UjgfBQ,113,1.4545677038379603,14
2fyQJjfUqVHganmu2V6ZZg,114,1.620116619255098,25
2iRyEolDQn1OSpyK6icJPQ,115,1.2565262292057264,10
2ivYtkXqCQeAfXEw33tEQQ,116,1.6025851425527702,9
2oECCr5gLDhEIF1_eLc3cw,117,1.7191867906198095,16
2o_WkICnw_15jgwv03AMHQ,118,1.6101270948701987,12
2pInNXbdv1GI88GPlj9aOQ,119,1.548969335349959,8
2qW-VO3UxZSU6HSHQ7fh7Q,120,1.7400647680196661,14
2vJ2e51kdbdAmAo_HTr4KQ,121,1.316079660302068,9
2vKPIXEFrtqZc8zIWvA4tw,122,1.454311570862197,21
2woU927sw2EM9HFFnuZM8g,123,1.6006224471983315,11
38SGzCuqN3mO6vMTiVEX3w,124,1.4860749133860267,13
3AxAep0OMmy_LgidsYMdog,125,1.7763885311292855,14
3GT6dvS8YVusNGqIKBpD3w,126,1.79205943539274,2
3H5Ty7TV7SZvZLa1oTUGDg,127,1.632781886376913,48
3JUjo_apPrRGC9NBy91Ifw,128,1.5394592564180158,4
3MLtOYFSyjIH0z4Fp01C2Q,129,1.1568878065659263,4
3TLkvSSdXqXo2Gom7qsjsQ,130,1.0458046970027206,7
3WzfK1ymtAaz189qmGiLWw,131,1.5718270870386917,10
3aYeG-x5A44GIgmBHrwyAA,132,1.660950376213888,133
3cTKXxBK6shS8LbbKzQF4g,133,1.6859474880064382,7
3ef9du3AsQtCwK1Z_CuLpg,134,1.53233470505905,11
3gGo8mT2yozLprrIv9stEg,135,1.597605697860676,15
3ighdLfNn4kuLIdEWJbM8w,136,1.778858495347592,10
3jtsfpR-mT7hCS0YkF6PrA,137,1.7510430046774887,17
3kQsPgVgGkJ_FjCSXkWxzw,138,1.8803829712607734,14
3lUkFxUQKeMUYH7-z_kmjg,139,1.7433450535752368,11
3mVMqNIvOumVbkyHXNmgUg,140,1.4968503870471959,28
3mtMXh05NnMRwJeS6BfOHA,141,1.7261767793834115,14
3qcpZjOcgNlPxwKQMFFmJg,142,1.8454791292699897,12
3uWCWMWcrn8YSH_qBvlr6w,143,1.645006310986555,9
3vGiPNH4yCAj88-kfdvbjw,144,1.4059046931888664,106
3x-kbXQUhrsWOcp8mUimbw,145,1.6808141688033276,9
3zdB0SSrXIDIgsrOmhdUtQ,146,1.7059438308632502,21
41kMyI1BfOTyIIAenUSaTQ,147,1.5401389400405339,111
42-ImHmMonIHUs5Clf7gpQ,148,1.7003877683787993,10
43MHDlqPTO_fKZBAnJfRYw,149,1.5306525331697542,35
43WiflwfTbmjizIfxvQ_jw,150,1.7497760738117194,9
44WfnZFh-atRchFz9Xocmg,151,1.673648451420356,19
4Ebs_E9ANhInJ9YzNXCZvA,152,1.6079127391794594,18
4InQPZ5xc4rZMRxDGYdJZw,153,1.5145285765180745,23
4LUG6dffnqgGxE6HxJ0wOw,154,1.879671104632533,10
4MpbcNPXl1Bd6SFYzl8Ncg,155,1.4688039607129169,13
4ONcRRisDZkbV1cviA7nFw,156,1.5164199550141144,46
4TenUuWdhO7-bVNXRMVBpQ,157,1.4715285772400646,17
4VcNcubHO-5aeXPySyxPUg,158,1.702017183629969,10
4YDE_B5VWhCa8sbkUmEkVg,159,1.5878416688240125,68
4aIsfczTmuYW2UcpN-xaJg,160,1.7066702719678677,7
4d648Hu4zu1gUqR34PjAqw,161,1.2375165701266415,8
4grE04Y-xoapmYvYjiZO8g,162,1.5729574524173457,7
4hKbwTIM1L8Q-yt1sWl4Vg,163,1.1982511754020522,7
4iroIPkDMOcSb1wrYy_LJA,164,1.70125209377516,7
4jbz7cOVuV_Q7v2b3pNrLw,165,1.6267950480017195,17
4lACNNOEfNBFuE4FsSY-7g,166,1.48321718460813,9
4lIZjKZoySFUEiFxuvQRJg,167,1.741033401823779,10
4nQ7MOkbc5u-DYUOgjiDsg,168,1.560173066848774,55
4nfJXm-V6gWTF7koXJLVuA,169,1.5984239161490688,14
4paWpLov6LjpsNNgE1fhSg,170,1.690718031553119,10
4s_ZvmdpimzjhGRPPBNyaA,171,1.704511608845091,12
4ukZcUTZlhwKlojm8c1ozA,172,1.5451401898759716,19
4v8K9nbIiASxt2B1y3IyXA,173,1.481477954901806,8
4yLOuC0hGmPFk7f2Y7db1w,174,1.5925819230814262,20
50CacOqb-69QlndXYWkwNg,175,1.4932774383221619,10
52DUFbMTQ7BFTm5HlLgItw,176,1.705529741343654,5
52p2iAxobpwrBAYBtBmWHg,177,1.5820769502473684,22
53bZ_EsXH71L7iFs5MP9_w,178,1.6617119451698779,9
53qjYo8wC3hYaAR9kxToNw,179,1.3679084748155437,7
55rm9_A0EIofkx41SgnJZQ,180,1.4643335763073637,23
578GExu9asI2F9yBiAN7CA,181,1.562699113461054,12
58IYRjxtf_E4XNUXysecdw,182,1.5696717563872435,12
58zhqwfGYEl92MZusTsYJg,183,1.6889185720330988,8
5AonrtMAU7oJmx4WgjOq1w,184,1.5891939011797203,15
5B5VU6-wA0ooGYJp1nNNEA,185,1.5571442562246782,48
5DIfMOgYnRBR66qiKbZHrg,186,1.6209351329425086,8
5GT7ib_KuGUo4tJwdlSBlg,187,1.7554732526432757,9
5JGXBQD8vCRRtB9vHBDJsg,188,2.047682831708407,7
5JkrkzDxJ9U19dqY4_LQSg,189,1.4701930071794738,36
5N7ttbB4Bd-KFDSeGKnetg,190,1.5387484538704008,11
5QrlMMzUq_RoUlEyH2zcig,191,1.6380074666475068,20
5Vq8IKr0glGCRGjNPeoc6A,192,1.6792629192929742,7
5Ymfsf9fAYz-Ds_p0xawVQ,193,1.6453236821732022,34
5YzUT0w29MSTZMJGc5B08A,194,1.0598997472751917,7
5_ZMG_9Hz3AMFVwi5Q5zKQ,195,1.500369512913259,9
5bYYUh8fqOOxJQwQotrkaw,196,1.4673842623674187,11
5cZMvKASBo7SOv5yO9ULIg,197,1.486502226279353,6
5ca2MkCJFAMafDrRxLMlXQ,198,1.6024463207834674,31
5i8f_qKmYjBuRODEa_XQMw,199,1.4068603903004306,14
5kXi94Xl3Srcx5wZF3jYbA,200,1.6382415691559327,7
5l4PETuuSGccqwM_uf_3YA,201,1.7163356375988394,7
5o05OPIAhp5oAs7E6a9JNQ,202,1.348198525158668,8
5o9khq8wmp5iyvmRfAYeyQ,203,1.6186556183973586,4
5p7fIgmWgP6yWdqJbSrlig,204,1.4872193380221101,9
5qIwy91T9rAQj3_2O4cn5g,205,1.6773519842120768,8
5r5LAPlskjJnQS2RIi62wg,206,1.5140251337653832,7
5wVMvCjRp2lVHvAsi15hAQ,207,1.4002689620712547,7
6-1XSOw9dZ1KTbzCnSXC_w,208,1.32855219349623,21
60v7H_m0Atd_98oCwqclew,209,1.4919962985233857,25
63RMC0LxibWFTlHOGgseGw,210,1.8052834814359748,9
65qbB9h_uLvS5JTiC-g-0A,211,1.5438811348718082,5
65yB0ydGXOZ_-T6J_GbKfw,212,1.762767173696336,4
67nGPqBSQKA_uERJCDZD1w,213,1.6146798037956662,4
69AqMB6P3sI5v2IK_I376A,214,1.5883549711060494,9
6AwHHmfWey8CiImz08GWkQ,215,1.1264760067435107,5
6GN1-lN562HbUOBN51AeYQ,216,1.6068353156180504,31
6Lolatywf5Ve-L1TqYmvLg,217,1.8672604081591355,13
6MM9Yqn7UBM8tmpSHQHAAg,218,1.6075458341603956,245
6MznYauUS6XyE9cVV4A5BA,219,1.695866316901452,9
6OX8Q0yBCfKUUYuag4e74A,220,1.6718106757354783,8
6PKxQ07QMnzqzuoi8pEWbg,221,1.5754222112710945,10
6Te7QKnf2cU8qfhzQIKmBA,222,1.6910803410013175,7
6YPfM_xcWZM4GjBvGvL8Mg,223,1.3651125623986622,12
6YSn58Mj36E2gkp4O0XfRg,224,1.3951315880098287,4
6_5x4RTje4bCHkGubDDTew,225,1.5148802585809686,12
6aWDAw37z6zgfw-f6HXFnA,226,1.6273562137918933,6
6eYecZI0cGbSdVP33PawDA,227,1.5277739701403839,79
6elNm2xn9f3KS08bcK-cBw,228,1.4768151957818836,24
6gXvWRYJUO0402j5QC6NbA,229,1.5625884468281765,12
6ggekAMRgbcOCJAJRjUmhQ,230,1.6711265601073029,9
6gxm3OwIXKwCYvEL_sQetA,231,1.126732191636799,8
6iD6drB51smAYkvWR2vzmQ,232,1.4027568576469627,27
6kKDExX4EyjMgVDIXHynrg,233,1.8099725779616769,7
6lQ5BtSs7Egm97JASU9urw,234,1.512306114637292,7
6oljgiQto2Dkbn034ixA9Q,235,1.605439609623325,16
6s-g2vFu12OemhiK3FJuOQ,236,1.6063124746935422,19
6tKXk1HaF_0r6MXjuf8MhA,237,1.419800024984087,13
6xkY3nZJMYeNpyBvKoFloQ,238,1.7543006615185661,11
6yNwk5i7LtEmW3dULoaKog,239,1.594474259834432,18
70JHliVId4FzY2_29gocHw,240,1.4383815601192347,8
70yP-HyY54Qx9dLM4p-eZw,241,1.683105900622374,9
74Myfl8pOGeKcmkVTimsvg,242,1.7211081057855837,5
75J9C6setP8iowg15aS4jw,243,1.4678598348272969,6
77lgrc5pkuR4fQZ_zcbidA,244,1.5158318138840612,6
77mrdKtIPkQ2ciBYUCxNyg,245,1.6597370294670928,8
7By-k7DAShPgoZn5ySn90Q,246,1.442588323426863,7
7DVPht9PhkC1xh6PZzBusw,247,1.3561602154702863,6
7HzEifIIJN60vlIRVp1XSA,248,1.6757844859388127,9
7N5Olku5WiCV9ksIPlbTZQ,249,1.5741382568307163,9
7OMW9n8tWNDg4eHGcDSL3Q,250,1.574862192999724,10
7RcgjZLzBqEfTLAH6rQtRQ,251,1.603818599973734,7
7Ri5xkuj6rMvD8F2zjWFow,252,1.3858463276645425,80
7UYXZk2tjJun3VZP6ZsYzw,253,1.6242265913479759,4
7_RaCe5zzPBYWm9znlffUA,254,1.5120571009599262,8
7bAnU8PIEmAV_tUeaIdCaw,255,1.5967105815840168,18
7bWwJXKdJo8PVqHu9vyWhw,256,1.4926772061298914,8
7belC3arRn7G0z3xDCF7nQ,257,1.7638009728985815,8
7eHfZUHxun1Al3W2lEAc1g,258,1.5377530826368722,27
7hElQBiE_x2HZk6yJMVgNg,259,1.5205027302880196,53
7kGxOoefe5H-HMxKIS9QrQ,260,1.3525615340692065,11
7nF4Us5J7xvJkVwB32r5TA,261,1.6353360195336581,12
7qzfClFiE3SchM3F3MwIpA,262,1.3980667141300356,27
7uVtymOX64IhnDjW_v1cmg,263,1.5603064736835204,27
7yU76bRb0HuPVWeTTCQ_ig,264,1.0924551298379765,9
812jrDJe07FljfXZmyYexw,265,1.564476818752468,4
82vSXGC55BOPssPCs5ea4w,266,1.52627433189924,55
85Jq6l707HWj2XpFw7qPGg,267,1.544713952708617,54
88PdihQ-Rx8QEDwQFyR0uw,268,1.2995385720459185,23
8BjtYLi4rfZH-v23S170OA,269,1.700287265327733,18
8D8mjeNaJ3DGhl0WX8copA,270,1.58151577886676,22
8HafK5cS8pWCWNQTIG8iJw,271,1.4417424946543265,12
8NmE-WNUMtqzBlbPVuDOcg,272,1.7221758976293065,10
8RRwMkf3SOxv7AcYZyRFMA,273,1.6521642856296643,13
8RcOuoC2eoI92LIbOkeAoQ,274,1.4634952156444896,11
8W8LDl9XHwpNE4Izsx3TpQ,275,1.511365202861608,19
8_A_OdF_OS_PHHyDE2GiZw,276,1.5606340076929637,9
8apKnC2iVfWnfB4cIgUBMw,277,1.6223948687177283,76
8h1r7mXd-H225yDgc4EMPg,278,1.6016526381402365,18
8j1WPmKaPN6uEWia99fWSA,279,1.520526429862039,10
8lGPfe06mgEtvROds5fAlA,280,1.5045651284428503,19
8o5YaBnbnTJfjc7wpsiGUw,281,1.5351345044877356,30
8p4JGNgZl705fByqyF6BrQ,282,1.513207609321666,13
8ptxwJ0c2pY0aQ6PqSBUBQ,283,1.457286886840141,41
8pv-ZfwBwg2d17N5Hns-dw,284,1.393201144197498,6
8rlv49y2ygxpC4aKnnbbMA,285,1.7182116138360424,6
8rzl3YdAYvlGaLNN6Qt17w,286,1.5428799248486564,3
8tdpq4NS0rd9c0eyy9M2lA,287,1.4938365994680451,6
8ttaWhCV_NXgAdWEzbGm6Q,288,1.797078572613087,8
8zTgQO2jEWqZHqpN1bZyJA,289,1.6201064233254487,12
91maaDJCrLwORyMAvexdKw,290,1.8133931139629893,6
933NaWG9W6Z-1pXMFPKOoQ,291,1.6015140384921074,15
940Ydii87PhQW7DXTCHIsA,292,1.5024871728739884,8
941m7FFFBeoCRLXJZxflzw,293,1.4627145156749453,6
97TzYvnM4UFhja-vLwv51w,294,1.5632041230534672,10
980MSuSR9dcF-Lassdy5Ow,295,1.543315004419661,12
9DRiWsAzhbi5-Iu4By3ovA,296,1.7628129881186458,15
9IXj1-WC0u5AJejxbJ98mA,297,1.7354816175719452,12
9NQTlXeD4LpYqx7_MAfAdQ,298,1.620574249191247,5
9P8-9EUP-aEnuisqUYt5jQ,299,1.7793463601752475,21
9QEK5Spros-gSdTbWPBuVA,300,1.1918213812569485,12
9Spzl2NFJb8PuhCdpERYTQ,301,1.5179492743093077,16
9TT_mBR1xKn5I62vg1yu7w,302,1.7086449254031733,9
9W4u58BHlwCe0dZTSnD0OQ,303,1.2867143217539259,9
9akppeqi5dnaIqPyJ75aCw,304,1.491052267072869,12
9bvlW5Gos1kxzvcM3c-12w,305,1.5526011170035277,33
9eehtcnYhZAHug1uMI6iRQ,306,1.603565743740258,8
9kLPuapKfGjF6ipVSqIuSQ,307,1.6140691662621665,11
9lHag_YTVKOa-4QE-pIgpQ,308,1.4099766370667817,15
9q2l4ycvd9FvW0j-VcKIJA,309,1.4647950809927062,3
9r15-GGBQ4cwNt54tNxMYQ,310,1.4991219222640983,24
9rEQtVw5En6jm8gN9vCWPQ,311,1.5900823282525238,18
9xM8upr_n9jchUDKxqSGHw,312,1.3936631620630153,32
9yzHD0x5srYlHBbuJROWFg,313,1.682151654124153,17
A08xF_ykmsWQV0ypYA8wkA,314,1.6052005731999213,9
A1inI4HGrKaHA640dybraA,315,1.4547172747210044,15
A5FnteBcoOCdydcHxgpfIw,316,1.5746578714052875,15
A6hxEDVE0vPkK2p0QnpQIQ,317,1.603174857093955,7
A7KaGGuusk7mlC7gr6Ljdw,318,1.8488788184670033,3
A7YlcidsiAZzU-tCSsrTSg,319,1.4070165103862515,38
A9NnHgV5Ba73xiEdT9VQbA,320,1.998401958012945,13
A9RKvWz-as6hzSKS_xwVrw,321,1.4636200547843834,6
ADx3PGAOX_ZaYywIf6i-ZA,322,1.6160424041557848,9
AM70Flc2QQ2Sd1oRAVczFw,323,1.4676956349807444,8
AMiraSiO_YN_riA1Qgyesw,324,1.5249472268173447,12
AOpLGvxlr4V4iUNCbLh-lw,325,1.503538348227219,9
ARDufkBvqBCUQHXTwrEYOg,326,1.7216656136336355,17
ARRObgCZXBYGuaSMXWjk3A,327,1.5278854423078632,11
AStTppA8-jqhDxF2kajwaw,328,1.5959890134313757,45
ATrd9B1UnUhr-53e831Dzw,329,1.6390145843042012,6
AVMGbV6GR7W4Hxt52R3-tQ,330,1.6019139568721708,11
AX7PN-tAH5vUO5KRbKEVZQ,331,1.5621417708503584,20
AaNVt0_Y8q5h6O5Kmk5nMQ,332,1.3184089149727485,40
AeyUcRqFMqzS4gsxhPIyxw,333,2.0586522246205115,2
Afa1kxZD0GYDTLyh9TB0Bw,334,1.7555043269853126,25
Afo2N4GUlYsmYM9KcbW7IQ,335,1.5014051835544815,8
AhUaj0youDpN-0MTttRg2g,336,1.740374462487409,13
Ai6hp1zy64CzpFz6twOmKQ,337,1.4457066661664657,15
AiByKTUdixBd5vWAMyxN5g,338,1.68081746776907,6
AiOqFKs9kkIFfmJOJwchwg,339,1.502162193230421,11
An4Z5CHynMxcHS6NWXxRrQ,340,1.558770164307191,16
AnbvqiiOGhg_0XSQfreLnA,341,1.5452583260914075,9
AuEHPR3Fj7qsuRWiXRy0yA,342,1.397668785266996,19
AvNmiWFeRlGg5LrhcSj6MA,343,1.4924573241683565,11
AwQg0eiPn86_vpvoudpoOg,344,1.6119189098436666,13
AxY51z_OVPBXn2lgZuE0qA,345,1.6395560451100375,7
Ayc5Ti5tS9akIwvdmoaDBQ,346,1.1291416824073206,7
B5i5zPbe6jNnM7J7pKqvKA,347,1.459974720982717,3
B5mpfVCviyUl9Bsdef5jUQ,348,1.3597943178037049,15
B7f5iHcyszjiHthLr5_6zA,349,1.5613757893625988,16
BFiugNKmIQ764j35aBAusA,350,1.7112928227363202,35
BGsgs7CIvDk7FSolKuy5GA,351,1.6586066161853086,22
BHd9mFkvKzKJXeVkET20ow,352,1.6977011826183628,12
BI43zsVnKZHtMI_4GBStng,353,1.3468799367282476,9
BJ26gJOW3aoUrxg-ELYyjg,354,1.6519678073960684,6
BJPDZ1zQalqd7_9NIUXrmA,355,1.5493543839800406,12
BLKm7ydfkm2n8BOClbuKUw,356,1.4852599745255397,14
BMG-sxFxKHQcGeNcOm4vHw,357,1.7545461593556704,6
BOgRjVqmzDnsKUsS9AW-8A,358,1.5855504023247833,11
BSVThVjjFaF5orzkW7Of7Q,359,1.6640043988369029,37
BXOlAgCs12cuZmqLIkulzA,360,1.3125218758642292,9
BYpeTH-AMyLWx1615HmC_g,361,1.9192886109102467,8
Bc0Mv-QnUPKiq8xFLCbw4g,362,1.686886029122695,20
BcpaxCEd9vfRZZTKEgH5iQ,363,1.2689363939943352,11
BdBzXtp1yWntU_VqmG_XkQ,364,1.5367886418626882,25
Be6OIWcETY6fIR8CHC_4OA,365,1.303594573513149,7
BeoFmNoFuz-h8uso-J2_lg,366,1.5379445144735688,16
Bl98NAmKPvCRi-Z5U2atWA,367,1.6206789017207468,75
BnywXOmsaeNYIKJQWaQIlQ,368,1.657419732348391,26
BoRp3z_2wGlxFL8nGP0QIg,369,1.583972210861202,26
Br9bkJqjKms9BjvKWZsgwA,370,1.3578971865386629,7
BsfZ3P6huGAVXG1TdZpQ6A,371,1.6319256147300203,8
BuVjNYAd5Bayj5E3eisX-g,372,1.5712963515867011,12
BvPptt9JMeh0720xQLzNsQ,373,1.603808064295358,24
Bveyuu-GqeQMf8ereY2I2g,374,1.5487295151757503,90
BwpuHkxY-1yzVTteP-AXPQ,375,1.4534314888248836,4
BxNBl3VrzLBAkwpJ3EUgXg,376,1.4435970919986967,10
BxSeiMApTGkDkl-whxGTCg,377,1.698153388696355,6
BytRWk8X1OelSgwwfXd8Aw,378,1.5215368082034282,56
BzB1jPNlppGp-TWSdwd0cQ,379,1.4815059564336766,19
C63nSmO0gBQt3I8953wAlQ,380,1.5426669181581818,21
C7lXOTSLUAHG3gkG_Q_39w,381,1.519149419591149,12
CFB9glegliFCT7dJxdLNsA,382,1.6669713111382372,9
CLfqC-AQJLkmOHV3d-KCZg,383,1.887245123343536,9
COSQAYt7Si3734b_LWQjvw,384,1.5409178376349255,34
COYIE4m3RWJB1gcFfrmexw,385,1.8686920903478372,10
COhW5aQ87nuMwwJcm8GFdg,386,1.648668539293594,6
CQz_dh5LkRVoup5CXS-O2Q,387,1.3457426654018265,5
CRl3Eg-LFfxb2YTGjfpKnA,388,1.7732144873039721,7
CUqNeiOX2QDPu505iqPZvg,389,1.8974473794855138,7
Cb-Bc5q8NSBLwTZjy_rUng,390,1.154726703395522,18
CdUZIzSe0GJ7qxq4BU8pQw,391,1.282804445040993,8
CebjpVd3PsofCgotWp60pg,392,1.5150882756450996,65
CgEDXbmrdID5HffBhn-Zdw,393,1.4651508921543404,6
CgWWnLS1JuY-IFlULUVowQ,394,1.5238582947184451,47
CgXv7VMU_rbobJaNi4wilA,395,1.5370533680087137,22
CmG7H7BTZ_G_nv-DwyEbnw,396,1.6174968178463023,12
CqaIzLiWaa-lMFYBAsYQxw,397,1.7556669210703213,38
Cr_UUM1NOjLUwO9WaIUoBA,398,1.344626602776596,8
CtBx4yk_QM8ClITgw94TPQ,399,1.5768836965981443,13
Ctrp5IoEKHkixDSIyYHDpw,400,1.6032892745721068,14
CuBczTRSFqsDOTv6FOZbjA,401,1.5271118301729445,6
CwFebMF23wOAepWE38XACA,402,1.6000355383590434,63
CwUvSaeItqpFCDh0jHaNuQ,403,1.4553923178576353,38
CxDOIDnH8gp9KXzpBHJYXw,404,1.3519966741623899,66
D0E-lGF7zXUJjFJEgUePsQ,405,1.5893364858818426,6
D2d7s-UGkDfjTEjkViTNxQ,406,1.6625796167652327,54
D3N6XvOxMrvaE2pjvjAYFA,407,0.9119430520701267,11
D5y8TWZRGW2G9AIw8He6dg,408,1.718166071028531,11
DHRupjFv4GyD0tEdj-QNjQ,409,1.6762912682905435,16
DIuAt2B5lx8Gqj1d529haQ,410,1.5504227016601932,8
DN8GeqNTMLrD5QSy2zPkCw,411,1.6949015638429434,23
DRDjrfODfL0a1E_NB6YKAw,412,1.5243033315387737,16
DRVEe9OZqBox9iWgFyB8SA,413,1.583947301402738,16
DVUX2JjLoXwtXuPQfFUPHQ,414,1.7485266523751966,12
DanJnrQzWQXztzVefSL2Vg,415,2.047000735831923,9
Db_8t-uSqIYEid15M7mZwg,416,1.7056479743452266,10
Dd-TkEszFMkSF-vRih51fQ,417,1.668106798588664,8
DnzL43WTf8uenFNKadZLmw,418,1.583479482755239,12
Dpe2rYGdR2TAI_at_Bw2ew,419,1.5615742148435094,5
Drr9IQ_VnB-8yiUyt-jBPw,420,1.560552717729331,25
DtRjOfYn71vgf_UzhwfxFg,421,1.5771820466415958,23
Dvrr88xmhrcqtgU1LgPLZw,422,1.7012582179357372,9
Dz0orjf7qlKzRmv6iAP25g,423,1.8117098378159902,20
E1LsWDk9e6Kow9SHvHVO2A,424,1.3312313354823875,12
E2oq_BwdQmq_Vyte65icNg,425,1.3316714912660805,37
E5nRF4bClGRgpo9JeCHfqg,426,1.496539619376753,11
E68ZPVpcuWhxvnjq8vTqAA,427,1.5622088708508655,12
E8N-hgXND7_wUGOA5u9jKA,428,1.7667376478643748,30
E8vKpkKTX4GGzxPPuxr77Q,429,1.504985177770191,11
EA8GylDs_8kpvbkrRppcgQ,430,1.7043504034635928,8
EDKNRA3AulhU5GDNep7WYw,431,1.7168111670318154,7
EMpjcN4Jf8ehkWUAwinnYA,432,1.8091281618214368,29
ENAjhTDXb3IK5WHRINkFrQ,433,1.2378052545937135,8
ENSYT8atZM8gus_xXDzzJQ,434,1.1540329746115978,7
EOajY1L3ole3gLTCZ2xw1g,435,1.3302216774385724,13
EOgls9I_SXTz0mRsbfnE4w,436,1.5456991497478059,8
EPsWdQzalccFouFC4NDVeA,437,1.6259096609404478,5
ETk-jcQbgVCNMGLsRCYATg,438,1.6970902835610446,13
ETqMgVfSa4tDiSRcbmjXUQ,439,1.9964248257296453,8
E_EB5khTIBNCnWueA3Ex-A,440,1.6871701176435325,10
E_Ts8j758tpiAZknHR7k4g,441,1.7864250076873487,8
EaBKe-8LB-NHuH7Us-QhGw,442,1.6218225774112833,28
EblK20dUUogxra1VI23BGQ,443,1.4054477148298905,9
Ecq3Ok5lw8GE38BV71Iwyw,444,1.7034407734990022,22
Edhsd2A56QLABhmrIWEprQ,445,1.4183076939382888,18
Eg1T--knapihoR2GV-Dj_w,446,1.6461508902129312,7
EiBMOBkP6Ii7sVgUrGgoWQ,447,1.7331684677582246,6
ElHlstlOwu3aSOgJASDiIw,448,1.5939455224674037,12
EpIlKrJJBOkBrX01Ms-i0Q,449,1.6379163148360463,6
Eta0tfNygqtTomlAG-I3yA,450,1.7011324229347287,33
Ex-QoUxevVpBPsovXWb8cw,451,1.739528900778189,57
EyyN8Xk-X56d6k9xNWqYQw,452,1.4806634615853902,12
F1CxK5sx7Wp1Zi3qgPjHUQ,453,1.588028813390698,13
F5P_YyFeucqKu00lmJJHIg,454,1.6412495060217485,13
F6MPrQ5oxQL2Wq1v5ENDzA,455,1.670774877970419,15
FCtJ0J9ujf7qf1yMxSYPrA,456,1.5090832200214017,23
FDVedmYRIXLfpGyxLOQO9g,457,1.962183691183259,5
FHHFzxF6DzCX8Eg_RjljHA,458,1.66315535220997,8
FJ2yu9Pf5LIYcncoRKyzFQ,459,1.4869707876852314,65
FMl9PobVRMpSAPCEAWCa0g,460,1.4089702330090368,7
FPLGHrDuZnl3rJnnM-NMcQ,461,1.3317572779056748,2
FQo8HxOxlhMgDQod9NwfHQ,462,1.3922868469603644,76
FSNocm5smli_apgQ6h-i1A,463,1.5688707845949839,10
FTNaQZ3t0dsVWw1WZUQGFg,464,1.5819740305096597,12
FTsYsxk0-vsSk4uil1VD5g,465,1.5149567125673236,52
FW5F5QzzMoeRdIib1OyNOw,466,1.5825922252238436,7
FX_srmY437yj75Ax9xVkHQ,467,1.3359320053947947,12
FZNLPt1x67NJVr1WoDzXEQ,468,1.8545835907127204,9
F_N4NyoMJWzBYFspeYfH3A,469,1.5147078121102064,10
Fad4WxQe3GxsylQIQsZfmA,470,1.6906086869871737,15
FcufsSaz59BJtNv3ibL10A,471,1.3157834643546844,27
FdMNvBDX--D_MWuu5qKWDw,472,1.8780399186511345,16
FeXfKbikaVq_4t5NAGeRZQ,473,1.4632907090513134,11
Fl0Ma3hCnjxHWQiGYCfLOg,474,1.6151970675488632,13
FniiMb3oOKJkkegI3TTTRQ,475,1.7504434747572977,42
Fqe0t4Yg6QJ_p44_wsmPzg,476,1.4542397271467804,10
FuW1EwnbQoHyDMeOGrljsg,477,1.4618641741252567,79
G-uVT9JxNMbrPApvuVO6pg,478,1.6770316107334624,4
G422ejyfziG2xOtqgyKDWg,479,1.438335091934659,43
G4KO5vJlwJEmEy3urXVGxw,480,1.2680699529297355,8
G7Gq1wK_En5Yb6Crl-F0Dw,481,1.4500119199350363,70
G7aVNhrUo1ljbYSoLkMRRQ,482,1.6457224114255773,15
G8M4H_3OwVYld36Xrzu_Bg,483,1.509085819052219,29
GEN4VPXjzPxH2r6br-TftQ,484,1.749516129573744,9
GERRIWMslcP4-O6mLErPSQ,485,1.3118480755690969,12
GHfBDZJn-n4DPxobB7Hg0w,486,1.4523150570769163,7
GHoG4X4FY8D8L563zzPX5w,487,1.278614020856252,45
GIupQf3nYTPuHkMfEUEm5Q,488,1.818808729832886,5
GLeYLidXfRqN_Z4ItatwZA,489,1.3122392118146045,8
GOVm1Ba9xx5JNKfMqcDGUA,490,1.7601760217949465,21
GQGvCTi2SvL9U_d3fsm9Tw,491,1.4900008113783572,26
G_DSxYnez-VMZuvAzzOqZw,492,1.5991933121121924,3
GbDfPbqp7gKRwbn116KDSA,493,1.6326462518808025,19
GdTS4o3A-vKQTvof-anwaA,494,1.847820278839439,10
GdTrpy62c_eI7DmP9DOq5A,495,1.5221639819503472,20
Gdyzk0Bq4CMsp8onOsdsdA,496,1.0693517855983403,11
GkbaBeSGvt-UmIcefpEARA,497,1.5081189136480244,32
Gkxe9U9E2WR2937cjIZboA,498,1.4567501712785222,15
GlEhxPlaofxOOvcf-5guvw,499,1.532871887511681,24
GlHwpYgKozR3xA1SeK2pWQ,500,1.231512128543204,3
Go006PCN18nVAAQ8fjHBiA,501,1.5806387926610581,9
GpuQr5F2t4ZlfN19xqL6CQ,502,1.4510624040970985,6
GvIJqIr7GcbGUUxxrgXg2A,503,1.694059804560163,8
Gw4UiyZjER7GuyGbwSRIQw,504,1.5257092889067554,6
H-s5nEEcFBc2qvLHQn7h2Q,505,1.5110500689639759,27
H0gVSvuL8iUGIAqNfHhl9w,506,1.5572985745353922,14
H6nyclAwhqJRyHvdso7qcw,507,1.766452465690469,11
HFFSMBta_aEkLcyDOVfF3w,508,1.5137621182232415,6
HFItzRohDHZvcKDrM6ABZg,509,1.4046523543124945,13
HFxugTIOR39cB8hBWDDyHQ,510,1.6483822966256207,30
HLhA0dL8xHz9HgvAs7HWSw,511,1.6462918118032013,8
HMQYQHcBiLM8JM36q3q5QQ,512,1.3936427726832468,9
HNqeYFG_-g9SWt8wfd66Kw,513,1.2961243405558414,14
HPxLcTHZqhD6hRKVpSPGbg,514,1.7659290573929551,28
HQJ-OdQBmMHeF6xiqYpUoQ,515,1.7379996713245887,8
HQv3cpiQz4vd7LWyn7JH1Q,516,1.6052410349116604,19
HVGfPIZ-w4f0_CfejUGhxg,517,1.677834223081129,9
HVQKFDi-vZbawtmLMq3ZOw,518,1.5357573787099963,8
HXCUUfAR_QWKdK2nlYywxQ,519,1.6393563192666192,22
HXVx8dG5KxQZog6kdDraWg,520,1.3853541998056702,22
Hci2c0qo98CO-Pv-VmV7gg,521,1.6297991275497405,7
Hgg-NXs0ikGRLLbmppi00w,522,1.8056193780407845,7
Hib9c10vUQWvNpmysW_c0A,523,1.512668888178993,38
HmYj8wXXzzmc80DIenufuw,524,1.416646634717387,26
HpzMECWPO4H1fJihiMG1Pg,525,1.5974477020150566,29
HqFC9SrRzvzmAUMgQ4wmHg,526,1.4226771927357984,23
HqMWEEsYIXoFhdDIX1NtrA,527,1.5673246527062217,6
Ht8iGitRu8kynEubcIhsTQ,528,1.3746424402819597,15
Hvga8WHdDWAnkzGAwMdX4A,529,1.6333899793510827,5
Hx7dVqWMV9pEtmp6S-PnIQ,530,1.6608826379229005,10
HzuMaeMd7BpFXlU96YDnfw,531,1.5449632266546725,18
IA9xPAsKXFu96SKU3xKThw,532,1.5297645906339192,15
IAlYZGVT_6B_BK8UrUYOkQ,533,1.5651392688654142,17
IHdKUpqSLhk2XaXiOAtaJw,534,1.4695870986070214,10
IIVTHna4vd7EOJJTKaS5uw,535,1.6445138691757624,5
IJspW-KhaV8ayA2wzcstUg,536,1.6876848034314729,3
ILe3tzgnbGSaZfpArtJdjA,537,1.419959146812914,140
IM6ss5QP852np0C4Ponv2g,538,1.7437502139806011,9
IPsKAiMjFj39dN_ckOsMMg,539,1.623825483821511,11
IQWa82LDR7BWBw1uHKMAuQ,540,1.732618089058026,3
ITZU9bz9CY_laMqK4hZrvA,541,1.597930164540058,9
IWZweDQUlsKfLS1_olQqlA,542,1.446430341103929,16
IbBym_4jXzTwhUQ4oxE47w,543,1.5855801961453366,9
Ik3DhjDoTonxdhX2q4jDQQ,544,1.6314869709600337,4
IlZEfnNmPBEQZVsvtmfk4Q,545,1.4381225565935944,6
Iov4kDL9SAQhcBLGwCLY_A,546,1.746936928983613,4
Ipt2Wl7gSocdFrUUC1zMCQ,547,1.7233979466171254,8
IryDYja2kFkQEYJ0Kw6GWw,548,1.693088094714765,10
J1maxb_SF5z6uEpS86HMbA,549,1.4574313134866628,7
J76FnutwAI2PkkB4A-LNwg,550,1.3703995259774406,8
JAIC-ZoDmAF4e52y3Tzvng,551,1.4078991475512046,12
JGjtkOtTs8oFg0AhAeyPVA,552,1.4416883646059804,24
JKQmuH6PKCDXpeZYK3BmnQ,553,1.4118215586541378,27
JLdxmsngE7cjrwNT7zqgyQ,554,1.5907487426803069,79
JMP9JY5JV2HfWn8ClTBb6A,555,1.462800600446817,20
JPMmBtmdVStt15en9SjLDg,556,1.3777478185500307,5
JPd9zh0_fJB530fp6EEz9w,557,1.497068135197552,8
JTVSbPB1EjjMu05JwWCP3A,558,1.6272770010263196,7
JbgLgoy754EeQrWoQBLX1Q,559,1.5821918013221825,17
Jbvk_EtNS303eBobAPl6tg,560,1.3964783739697992,12
JdORm-NZrrd8Qlhtf1CCow,561,1.7040110357062097,10
JdYwgQhnXIWbw9TVR7oBMA,562,1.478274273663238,9
JebSE87IZrkh3sgrPVvlDw,563,1.5795507119699186,6
JnxK5dq85pivUK8J9Cyj4Q,564,1.5286982919504217,11
Jon2aajFsTLdHUzVlsDFhQ,565,1.638809960351262,36
JpBtLSlYXdrts7VGPVYflw,566,1.6075784613570123,12
Jr8yyljsEEQio_3TUR7D_w,567,1.4379653828573413,12
JstDKWmAZsL026ADFxf7fw,568,1.4939668710016927,45
JuHctJ4Q-ffRjrQiVeTQFw,569,1.5664427323354055,10
Jw4OHr6HibJeEIMfAxc1_Q,570,1.5858281695337826,13
JxbOYBzGdRhI1Ip9-chmkg,571,1.992694141245668,4
K0FpfBo7N5EIog3Mlh2ZYg,572,1.5458546770603723,27
K80KekiALBfokcE25BQeJA,573,1.6346892693177544,8
K8Hu4_lL-nTFG52q0FPC0Q,574,1.4436797552105889,19
K95X5oE2-fuDZHhzFOfPUw,575,1.6149209241125653,13
KAZQYouyyl4_GxkoC2sJiQ,576,1.6206806645859722,10
KBHTIaz-OdXukREefkP4qg,577,1.555239419097044,45
KE3fPgfxEmfsutKxMlssvQ,578,1.5665243303669631,15
KEBvAP-lG8oOUaX4coq0cg,579,1.574873636798452,38
KGPPQsnPBJpUxCXBVuSpEw,580,1.5689253941495442,14
KIBnDrvylvrvhr4Ow6OIAw,581,1.8197406315878777,16
KJVRL1_1Caf-t_RwZ15DKQ,582,1.3904108510679536,19
KKvc7fGUeFI5BuWD549QQw,583,1.6540259043801977,38
KLfXnTBzBTpi5jKjDLk3hA,584,1.4974596887559706,9
KNRwbAKYzHXjaWGQJc_pTg,585,1.5362892184537156,25
KRsXNXk6ETRflEJTfa33-A,586,1.4550943791062971,15
KUzSS0uiCIlQIcJT63pjGw,587,1.520785856226332,6
KYV3TpJiJB2LGN9umfmsHg,588,1.5269106874590042,88
KYuOv0JCfJWZMoT0zVK3SQ,589,1.7301934175367704,1
K_H2SLOudDpujs2cTgPRzg,590,1.5228910821599835,17
KcFMI-hsr2Em7whfI4OM5g,591,1.5721802008243335,51
Kchj2U3yTo1hOZoiOkcErA,592,1.4776658994112466,8
KgJdBWS3ReP6TVhYWJRKmg,593,1.6495161487056018,8
Kj9cFO70zZOQorN0mgeLWA,594,1.4992683564316955,12
KjOhQyC6kocsEih0T2Uc6A,595,1.523534403213013,9
KlMyEZKf_WWAVZ-_PYffaQ,596,1.2770932558309658,3
Kr0je3bDOJMiMRO2fxO33A,597,1.578710256304448,10
Kt-dsblXQnsUv3GjA_DFvg,598,1.3880066041539743,14
L-UPku9Rpbpu2hFSpM_b1Q,599,1.4561124361361268,10
L1xB30wQZaMWdCR9M87lUA,600,1.2629745021840098,21
L3RkqelOGJBRXICDoDDBQQ,601,1.441662498014861,15
LGRg7o217VOQcAgTLHXCPg,602,1.317808794162772,40
LHlKkrkppF-HIV3MOqAKcQ,603,1.4113405974040092,11
LL0zO4cQUjCqqOM9CbvnQg,604,1.776498730646908,21
LMaU1eIPujKxtG9wGtIomg,605,1.5023106208020736,7
LN4ajhAiIshKkXJQhuh6uA,606,1.6543141970934674,22
LQG9wFTmscbAATp8QWj1hg,607,1.7003653116891524,44
LRARPyzzf7FpH7lJXJgH2w,608,1.2575346206761637,6
LRKmxCcf6ZkxyujPdmp5zQ,609,1.4720889563064845,41
LUHwtIgfclx_9PKfJJQ1YA,610,1.469000779913788,12
La1ggB37gvq6UWpEWaMtMA,611,1.5528245392053095,145
LemDESTKgAfeTiHOaE08jg,612,1.8579150920683316,17
Lj4aiPE5RRIn5m1zgKSIQQ,613,0.9967493672388301,4
LknZlzFAS6Fkbe69g5J1Zw,614,1.095214647688462,7
LnZUtFx6qTWs8NV6lAARxQ,615,1.53310966949402,9
LoUWR5sm-hpNWtTfhVhU3g,616,0.7086578182669769,4
LrsX8ioOG6GEIHfsXI_9GA,617,1.440171610416618,81
LuYIMPQr0IeLVj2AQ36dzw,618,1.6864188537976275,18
LyuffIK8YpyRglrKzrikOw,619,1.042667915997933,2
M5cOI1lQW_d-JOMK0gZAGw,620,1.6948932656250473,9
M6Y2TxQZyXsUJdRhXjDBCw,621,1.4065416690023673,7
M9dkUx4hw1Mr0cSkTVSPmA,622,1.523350393240756,15
MAd6aQ_PmH3tSiNy2PdEhw,623,1.4275094353056954,29
MCEJ1qm8un4PcK-fJTUCxw,624,1.7347626077800908,10
MD-QMO8zcqd584wcpzo9sg,625,2.226478315297589,6
MDXqulpNz_WcAJd-mclwoA,626,1.5472763132631642,10
MGS4xcClMRZ2SYlmWdv5WQ,627,1.7517676167837475,18
MI3wG3R12sQuTGdNvBBX3A,628,1.5475249123905677,13
MIKByQgLWgXNU_26CX1Acw,629,1.8540770470870251,8
MLWHQgwPKZXdU5XkxF0ZIQ,630,1.2314120148483299,9
MLaknA8Wo8Vv3DUadASutw,631,1.8548464223271925,8
MOWaK0Y1-8m9iW4e5DS1DA,632,1.5097140454757036,13
MPKLiZbw8Vwc9IqfvC1Xig,633,1.5479904435432827,63
MQq_1AlcDWsyNs7Ot8J4OQ,634,1.514902470242827,45
MSQ_hCPdckVTA6p2H-O67g,635,1.5322028214008554,13
MWCPUFk-fnNXehPosCtwHA,636,1.634975262124408,7
MYr_7OhQNfDW5W4EfrrIxQ,637,1.484687416262861,30
MZyMY-nW2ChwIs7ZhELOTQ,638,1.540835188921086,9
M_WL8dyH52QxDdGbFIpFPA,639,1.6128503724642906,6
MbC0xPzIdGkFMCpPb8yWDA,640,1.5097947662948417,7
MeJJ50cVS-ycShR5wBKtHg,641,1.5411390748479739,27
Mg8P-Sw04XtNAPX6gAGx8Q,642,1.6504253959432391,8
MgAgvJwlt8ujtE4Pr0r9uQ,643,1.652726177131932,12
MieuIn24iFp_fD3E5biDxg,644,1.5476926711814596,29
MpcYKyYEaqiBJqXVaebkFQ,645,1.0680782229759327,6
Mr0CO2zsXwv_k9m-Ieyq1w,646,1.7361958931046737,11
Mt7q9U48KiAJKivYRB5vog,647,1.5272804403852478,32
MtK5OsUG8CvgNNteI8MCIA,648,1.7388053524219682,8
Mvs4_S_Klo-aiR12keyAYQ,649,1.5784630766505323,10
MxJlWj3Bzn1BGvjb0fM7hg,650,1.3336129018214284,16
MyqZaT8183DyASwjIXuYpg,651,1.354999656424243,9
Myy-tV1aKksxkQ2R7QUkAQ,652,1.6639103758271374,10
MzXqqvjP-d8tuj765TI1og,653,1.268706649781776,4
N-lvb4QYUAzZZU_1sVhbMA,654,1.430986159236527,32
N0LfSpP4RNS9t3GwIcuNxA,655,1.7158059894439206,16
N794_0peAHRbj_sJe-d1vA,656,1.643297688441303,12
N8oEcSShL_-tkVtDhbZ3Xw,657,1.422364668116027,14
ND0Fp7hHize4i1rnmGUlSQ,658,1.695140404212939,9
NDhDMKqSiBc0L06jKlFnmg,659,1.7811790388618804,26
NGLufCod1pP760aBucp3tw,660,1.5787388842863843,63
NLC1rzNnRe4zFRmI6WmioQ,661,1.6237520551676223,4
NLJT8SQ1f0YpxO4hFUPdrw,662,1.5209657187354226,22
NOxybRLzq3MBBhl79hF_4A,663,1.4207607910103017,9
NP-675YVy9URhNmdQdnWsQ,664,1.4695016903565754,6
NRLpgY95Fk9qAStOpk6iaA,665,1.3762259014709233,5
NaT1wuPX37AVAHaPYISKqA,666,1.6989391943336554,33
NaW6r6e2dwXSv5qLrL7ZkQ,667,1.6240118694880863,30
Ne9sOws_EDlDASo7ckE29g,668,1.5079012906513998,7
NfEGoxTuNmSNOJ_lD_MbvQ,669,1.7012973732058265,8
NjGDqBboU--0CyQxw0rhHA,670,1.6409030657417294,8
Nl2S67CsS6RMV6BJEzHvJw,671,1.2502603519974897,6
NmqI6uBjjhOBAXcRzSSs4A,672,1.7527631319271892,15
NqZJMXmwEtirJvx-qpyLmQ,673,1.587193618924082,9
NrRHod3FtQPKMjF7WbRD4A,674,1.3903112727227431,8
NrevV_Ku8WCNZC4tyzg7SA,675,1.5549374731254968,8
NtWoJ66Qv83k_7-_ciI6TQ,676,1.4682647679304923,10
NuIgNf7rSABI6RRZIh0kPQ,677,1.5396853933266204,23
O3pSxv1SyHpY4qi4Q16KzA,678,1.4655730172722397,27
O70Ls-Nf52BEnKb-D6vdeg,679,1.3330569438840603,3
O7D1Sl3e7UaI_pjjL1HJ-A,680,1.4879087490900988,15
O9rbVxtEnxnjKIdeuBjPOw,681,1.3529186455356939,26
OC0PBukr-7Yj_ttNvU-t6Q,682,1.6589084866341453,4
OD8ui1rsCE2wHN2tf1BLeA,683,1.8752570389439263,16
ODSH1it5oAUPu2clIgOvyg,684,1.567698057980881,7
OF_y99pWWvAzmn-BWefyeQ,685,1.7476891095858011,7
OHTXFa3YQY0cB0nzHgjhRw,686,1.5352489492444208,17
OIAFoJ_qs8XS_MeIDDjt0A,687,1.495326974687408,29
OJc6kU4zhjS78X7jAJMrBw,688,1.6168681160216103,6
OKfaeedlqcFBrq6Svw-Nlw,689,1.6825785555501411,9
OKifFM94dV_b0hLJMj7vzg,690,1.6204431957648213,6
OOQ67wUOU-a0o9LiBzZ7Kw,691,1.663103226528217,12
OP7nO0dIaYW0O6DYX8-azQ,692,1.2028407023142407,27
OSPuQh94fH2jT1S6bZ6Q8A,693,1.7492038880835437,27
OZWskTOKCWvYejhu63gFmQ,694,1.5941825242872274,5
O_vUuQcWa6-QuMzpIDaElg,695,1.1190229014590467,13
OnhM-m4MHhgWGiBWd9apYg,696,1.3342879169626078,14
OtMW3wzS-akygZm7erZ3qA,697,1.6672219078247013,23
OtV8UYg28PLpoFFdHQvKHw,698,1.513776535791678,14
OtfQC10-eZmJP4fFW8-EIg,699,1.6354527130813594,30
OtmF6DLMToJ7cniDjU23Jw,700,1.8531360142628241,20
OvCrNZvOyf_6R-4ieG6M9Q,701,1.2407290762874397,12
OvkB2G-ZLhwocrIprjaYDw,702,1.4877493941886344,25
P-qkBhjs4mkSE5JC-wTwOA,703,1.2304654487773812,43
P0J2H0XoJmcPzdwtJUHLcQ,704,1.3812377161546898,57
P21dpPSLnON-eotYRrRvHA,705,1.4923116780041306,12
P4UDeJRJeLORvkFHZkajXQ,706,1.5465227330322362,13
P6_r7O8zEjnxTSBkS6WYfg,707,1.564401991325869,7
P8hKMc73rWhEnXNV-qA7DA,708,1.7741723771497981,31
P9hbcVoZIPKF4gV8KH427A,709,1.5068529256629117,14
PEOe6F-OelIDBr3pu8d74A,710,1.5269069759895928,7
PGJ4eb-8tmvea3XzqIdc_Q,711,1.7497373249164534,11
PK7nySYMd0_Xb53324SBQQ,712,1.3967702932385642,6
PNSPNmEp_ro9tX6AuLBwBA,713,1.5059422045285404,24
PRYH8JFf2_v2QQO0y4SGog,714,1.6695034635034813,14
PRxUPxxAOlgxc2XYwvWfSg,715,1.7192653688197925,8
PU5QaMADa6N_9ZoQ04ZjOw,716,1.6472903089030617,4
PUIxDNh0_CAMoJ4XZf277A,717,1.37024191082363,24
PV0Rp_Qh1YCIP0192e4ewg,718,1.7870757741615129,6
PV0U0arT_AUfjVBtrKfPSA,719,1.5792058882362006,5
PVOtG_2eJOnJLoLmT_rQig,720,1.2236330599841734,67
PZzyUCVgy6dDl_UryVzVbQ,721,1.680560741293674,11
P_BsIX1h93u8lgiDXf-9CA,722,1.4972485078673679,19
P_n7r_z0AL8uBUjk5ErEsw,723,1.425315656295757,9
Pf2lMKHB8Gb5OUxVjMkRTw,724,1.6094428272784644,36
PkVxaR0TnMfDVWJqYWklEA,725,1.368710213104352,7
PqI494Hy7C3hZIVaGpc2vg,726,1.5189397998582437,26
Pv5XrcJsurAR_6WeBkzhpg,727,1.7249294415408511,6
PvczE674Cmq51DxwKPMGyg,728,1.5665421953604435,10
PwQyg8MBTZCeoUEXrNsb3A,729,1.6800482322919048,11
Pweu9e19-LfISe-47Q2WVQ,730,1.8476380477525562,8
PzAgovA77AFlQC6AaEgkUw,731,1.8262091637162952,8
Q-C4mgp4_tbf1WJ9XgPkYA,732,1.546538247458216,10
Q3g66iHQ0Mg7dRsiP1P8vg,733,1.412179707359085,11
Q6f-wmLKk6kPIq648ybmbw,734,1.737754916710122,17
Q8c2eJhAYTE4MrLX8aEOkQ,735,1.7932619052664076,6
Q9mA60HnY87C1TW5kjAZ6Q,736,1.7250945938565179,8
QC4iwAt4o1SnLua_NEo3uA,737,1.502467517486948,26
QCFG_L8X0MtN-XkzCmLdcg,738,1.7729791976265359,6
QCQ19_QoFMn1vz1m0fj9IA,739,1.7328206201904923,9
QIKSliZ1FKTCGVTvcdObTg,740,1.525657858469822,18
QInaT3zAmD_USNOI6MzJ7Q,741,1.6967592241003497,15
QQ4vE4DQzhYMD0A-NelPyA,742,1.5092686376273423,13
Qc9ebAxuIVVywCwJjZ3dcQ,743,1.433532802604819,14
QeHZjU8MrX6p0vYCqyXiJA,744,1.5692598459351836,24
QsFex8ldHDKGhX50cWYe8w,745,1.5561958471094235,6
QvRVZ7cqZnQjCJAY9Fs3Ew,746,1.3780130773919332,15
QydwVCjK9_FLXNucm7fCkA,747,1.1656188482356236,5
R-WeeJj8sL2o-6kiT4OblA,748,1.6341787929801326,10
R0bPoJMlsF90bZPkK9YUCw,749,1.352424411865069,15
R0lfYlL4NbE8i8ZzW19muA,750,1.5604461483309422,14
R1PCyy2n0NLWr1NlTz4fmQ,751,1.7121378712946949,17
R3j9EzQCoxtv-VmNmY2x1Q,752,1.761869490628092,7
R5QoQC65G5JI8G5eZxJoww,753,1.7118602954497817,24
R9Cx2rilFJe-K_DQ5i2EAA,754,1.5295180588539097,19
RBQ2tcLUuNCgSQOsrjG_4g,755,1.715979829655273,12
REju4DPZDg2veRIKOClvSg,756,1.5683778149176562,17
RHAPKdSaO9B5wY7wDvhaYg,757,1.3965898954905247,6
RIM6BfaP7ex_AYzd6UemqA,758,1.8219844605941697,13
RISb9OC1whuXSS6Q9FHgKg,759,1.167418590262805,10
RKzG78hFYINXn2Qgyp2hjg,760,1.4441421373586225,6
RMopAcH2eoiOuPkStfg_YQ,761,1.622945292433692,35
RO_dQ1ZXaElSxmM9V92kbw,762,1.8168169797434994,12
RRsbPGYyKJ3zqMMkzcHZaQ,763,1.6370270473202142,8
RTkJZZMNQbAEoCfxapcRLQ,764,1.5102559001020404,29
RUep7rEnzcFcCA8XobtNSg,765,1.3820133817102973,7
RV0sFFLmSRd7lW955857yg,766,1.3195959935564594,14
RVP_5y3kynGg6zkutb5CNA,767,1.5546663233160654,7
RYRGUry6BUtBVzhwOhUhbg,768,1.5776564505743078,10
RZUrmsaUiFKmZQvxuuk4UQ,769,1.75285571189832,11
RZgoY-Z0NzpXA8PD-WcDOQ,770,1.4157803837681262,6
ReDypdRmVA3wc-QG8HBKkQ,771,1.7756557536004927,103
Rg-86Gr5Oe8ODoMUfr1M1Q,772,1.4901661619070201,4
Rgpxl8b2F1W5JaMfEPw5uA,773,1.3107263367795594,27
Ri0-Nkn4eEEFgaeJFoz0Bg,774,1.4192995876290082,7
RlHbVsMa-T-OWPirAkhcAA,775,1.602268581254147,26
RmMUQHxlr1mOcL0BM6ORwg,776,1.4895694787281846,12
Rnc2AWf-Af1rjV6FHd2xPA,777,1.7365536243749542,8
RowxQgaC5cpOXNDXX3snjw,778,1.6482746645706157,23
RpG_9KuJKrvwymua9L8VuQ,779,1.5955196290161526,10
Rq8m7cL8SG7mYgNvOXq80w,780,1.4030759538102693,21
RqR1bGDgdOPyHDnI73LeFw,781,1.4759632627343506,8
RrYrhqdUFDvfDETPz-FcgQ,782,1.7567443062489585,8
RrvBEf3Dwk57-6s0fJZwFw,783,1.4350798852736013,22
RsQWIQFPX4IPGNa2i5PMdA,784,1.618384429962184,39
Rvn-Ymc8_9z4vbcm2ZwenQ,785,1.6876668050074315,6
RxPndFw7sdSX4hWMbIJBGQ,786,1.5747610798852005,30
RxtaZlcS4vLgDAw1C3ZRAA,787,1.6147239858693523,11
S-lKvFfCZGCEKsAToJ86MQ,788,1.689087553566497,23
S0wtyMwO-7-zzTO8EISvRw,789,1.2506300434155553,6
S1fuMTz9bLKsMTr6fFri5Q,790,1.3381892447417894,13
S84mUyQA14a4SLv6a8Lzaw,791,1.5765235081544549,56
SC-D-uPqG1lq65iTHkct-A,792,1.7340385783111198,2
SIPCsYQkTx-Nlw7XldhzIA,793,1.7293611201810328,7
SS3pK8z82S-SNHryfppwOA,794,1.0932744096183498,5
SSeaVrvrjhOn0LpR2vXcBA,795,1.5814245354326302,10
SXJqzKeC7g6-v5uHHz3WAQ,796,1.556720170919542,13
SXeMGP5lNgc03z7cl9Xihg,797,1.3927155288176716,15
S_5WK1du4bLY9dlEY1PzMw,798,1.6324230877596435,14
S_9xTmBOARaqVis0WqlhPw,799,1.599319605479674,20
Sbs6PbeBchmWW_IRaTJtTg,800,1.4230929301050892,8
Sd357RRT7uLQ3v52aQaLqw,801,1.4646250636020834,12
SdyeR1Li7j-MIluiBTD7Og,802,1.389674432526169,7
SgoQg5EPIAy_kMJZmJgLsA,803,1.4699071773563608,6
Sk0a2HtfczDMX_rZmbEHGw,804,1.6350188961309031,13
SmMCmnDpq_JTYepaOT6wiA,805,1.815756426232969,3
StP93sGeoM7vt5K5-vlUEw,806,1.5207501599073843,10
SuDuw7sUjLFloVOg6HCqLw,807,1.573703857654642,15
Sun8JYo_aptlrMQNwyN-Dg,808,1.3999678062874128,9
Synp0WYQsIdlaSWHvrxe0g,809,1.340883839110925,16
T-4jMCwgOr2Gi22tHPTJyQ,810,1.5794962109564348,34
T-Oecv8jXQHYTOtLrDKegg,811,1.135156964748423,5
T40u1FJXOOYs3rmOnwGm6A,812,1.5579889425008113,33
T9z-1ejqPT-kGOEBYuxznA,813,1.7208597382274327,8
TAlMzsAqLu0ckreakoV-dg,814,1.6274023189024078,4
TBhrh-7I4TjDlJLVkW6YRA,815,1.7082903244269818,14
TE7KAu5liy2MDrWSTe4BkA,816,1.5411660941172873,7
TEwBaV0WxQON_pNOCRh6wg,817,1.7787528518050235,9
TF6hc-J0Bh7NwFd0Bq3IZw,818,1.9602337468775992,4
TGeIzTdHVvc8qH_KQt8y-Q,819,1.6917360666371053,7
TMUZyfnmlIs7STnjz_D_MQ,820,1.724132606840132,8
TPlMF9zsShxCDbRRA8vp7A,821,2.003247844089549,17
TSpDFBMFx5ug2mvA5lHrPg,822,1.6676805533209071,8
TZBkExpLF_mJ50P4BHeUEQ,823,1.7821758775097298,13
Tarq0ZDcFVm-hjiUtQsxQw,824,1.587339360022126,8
TbhyP24zYZqZ2VJZgu1wrg,825,1.4555182554524475,9
Tdp-vTDHrfR2rQk2emDKiA,826,1.362828526686772,12
TeSkwxUHrrRo5z48IgKBmw,827,1.7228140349455958,9
TfXzHKa3AFDHKwUqzjJ83w,828,1.5649220703175435,20
ThkRYqLyPL9pdethCPs8Bw,829,1.5110895389901353,14
Tj58A0_D-WsD-UirmpYSEQ,830,1.6583447504490245,9
Tk_LsD3n76o56hLq8ELHsg,831,1.953674750144017,7
Tklt5W3IX3aNqwBwYKUcIg,832,1.8159269968484024,2
TlSKUk9Jz-AY_gq5DTOZAg,833,1.3037438171059488,14
TmljCl6px9_1D-V1dEUR-w,834,1.4974849228271159,13
Tr5iqhD4unIDpnPdugkdQQ,835,1.3966021629290277,18
U1vl4SQzO3wTAWlYVnSjnw,836,1.6906790829271217,84
U2OPJc9c1q7VToeKeTZ-UA,837,1.6040188742386332,45
U3ORHloeNfOD3XnGYc0gXA,838,1.5313404912305406,12
U4INQZOPSUaj8hMjLlZ3KA,839,1.3931135325532455,13
U8HPxbR61-xgSEJdxbAdEA,840,1.5819135474231778,18
U95wccXN_J8JwA5Ktlu8tw,841,1.3116599519543937,81
U9Y30VAPx49C4Vb5ERZ_vw,842,1.6265917053760894,13
UC-hIxfID337BK6KV65XBg,843,1.754892056378983,9
UDFIZXP0kOb2xKoYToTS6w,844,1.5192785673654041,172
UEKPRzCqtbfKH09DjJUyjQ,845,1.6930150783988898,8
UEnYJHYMSsCaTh1pF-XFEA,846,1.1340356836094283,24
UFBYbR0pJYfjbvzky75eCw,847,1.942468986654479,8
UIYekmecs_Sb3MQdUmFGXg,848,0.7017631647374996,11
UPyyAYLeXdU3-t502I6DSA,849,1.4639050691553261,7
UQFE3BT1rsIYrcDvu_XVow,850,1.9238370465043966,15
UUcZXZDt4lxXZK-dpLTpvQ,851,1.9253071406937519,5
UVxY0iyPaqY7s4BSFtt-xA,852,1.5499571719867264,7
UXcOSMHZM2RPWTgjQbKDJg,853,1.6764708308670864,7
U_dWC5dJkdo2ygrwRTvkqA,854,1.6477332965784002,5
UgAl1BXZjJWUAdvVixwhew,855,1.5834840784347797,56
UhcZDIn_teMUbBjP653VIQ,856,1.38198675367932,17
UkX1KI3u99GM6pazVpFgXw,857,1.3827804294904127,10
Us1y4hBCozBmfLqzvB80Nw,858,1.370642789449385,16
Us8qRL3F20qpZSXYeHLBmQ,859,1.600920590594411,6
Uspk6namRdwI6-B1xXNfLw,860,0.7224722051463437,2
UvZKaPFy85iPjoB2Aj40kQ,861,1.8724105797180581,18
Uwu72w77MPox942_GnCS7g,862,1.5580460711990067,10
V-jhwg0WZsywUKs2fy5VTw,863,1.3374302775769829,7
V0NyT2fKIs7pwFDSGqyCKQ,864,1.3444796159204588,8
V2TFGL7rQPY146CX0zqV7A,865,1.2146878361283184,53
V3yjfheDa-5zY95ZaqOj5Q,866,1.7987935795987444,9
V56AwFRZ7JErc_6dD5Wkbw,867,1.2928451695225383,40
V6yxlGOfbFt-XYQxxRLd0g,868,1.645079751846617,8
VGvZWfAasstXQhqLtWB-bw,869,1.7994440645051706,32
VJgCGi9-eJ0yvL5SG7M1Vg,870,1.49533230905107,28
VMfwMYh8iJapW807Pu1Diw,871,1.5992906795438004,43
VOs1e3K5moj4lFeD7aJ7Qg,872,1.574677726675134,12
VQrwmD3LsEHLZBLyP9oo2A,873,1.6261699973998567,12
VVKPN_N3M3DKA-2an10HSA,874,1.4009335697175684,10
VXZfZacm0-OV0s459au-dA,875,1.7032163316741835,8
VXbi8ndacawnd6kidQF8dw,876,1.564672962381938,41
VYXa-WYWq8FaIUk_z1yj4A,877,1.6346211481612785,48
VZUHcHoSYtn8mKq31hAM-g,878,1.4539185192829132,8
Vav-GApWFEVD5wGyKoXRVw,879,1.7560118656892159,10
VdVFcOLHzt4pSB5Lg2dN2Q,880,1.1744495968138708,1
VdZo9M4lahHokLpFVaGiIQ,881,1.4132534308853626,13
VkWUgLZkholyRWagwDpgHw,882,1.5684473517659612,63
VnKj044Tt5doqaVDIJbWsw,883,1.413118052912718,8
VoKCmDRJ_qtNFfL7VkH1SQ,884,1.495035403116118,15
Vp_C7oIxeztbd2PchNBOHw,885,1.5502176371982297,34
VqoNRLojAjRhF2k22dvMdw,886,1.617216563828108,9
VrRFgQQUNTwvdd-N1urGlA,887,1.6861355226551378,14
VsZL9I6sUi3Ll7rd9rn_7g,888,1.7740100264218275,14
VwJZQIvr-8Eg3CD8Hun3VQ,889,1.2792802369675673,11
Vy_RM0FrXy4o9VZY04ozHA,890,1.5472186424102223,25
W-l8Y9FnJt8zv1C7d3H5rQ,891,1.6526694604179195,12
W2HOnMpyvGK09Th21RYqvg,892,1.5737694397371043,10
W3Wvaf8YoFH-cnjVil4tNw,893,1.5372325788931174,13
W3pB9iiIEkkCjX18gtYnMw,894,1.6491438675891053,5
W7rNiyDjfTPL60vRTlA4nw,895,1.597763202318995,15
W8K-DwcHGr8NiCTM6lLMcQ,896,1.7015375556972587,9
WA9fjdFYyWon5ecMRUrJRg,897,1.6886001115630975,11
WBxrY8CK5r9wFYb8SxFJoA,898,1.7644033596706787,7
WC1m2B-bXg1g57AyvzAL-Q,899,1.7387887306561967,12
WCHArapR0ZhduJElR9axjA,900,1.5791518897373173,65
WEAKuClK0BjhjHWGunMXQA,901,1.5017913118525645,10
WHmabbfgdSW-JrOU9ePMrA,902,1.5798667605675565,13
WIDGcVvvuFQUA2FT3uc8rw,903,1.7815808589096236,14
WKGgo72Z5dNZxifSV53Wsg,904,1.3776896175350748,8
WKqf48rrDIz4Y8r8mKb0oQ,905,1.5170680933220173,8
WMK1j18ACm-EtopEznV4Rg,906,1.5925822129653002,24
WUtqdPgbUl2mfXLYasEIyQ,907,1.6156580225170136,11
WVzff6WDqhqksu8pkVZvFQ,908,1.4783703730683175,13
WX6Xv1uhnOSAZT2GWJvD8w,909,1.1838505436263371,43
WXlxViTwXHPBvhioljN9PQ,910,1.672543792034808,3
WYU7YDh9u7tr__XGRwj3ZQ,911,1.5279578866015997,26
Wb5Gs_FpWDYjrhn0luPd3A,912,1.6084110740048656,10
Wc5L6iuvSNF5WGBlqIO8nw,913,1.6129314342771517,348
WdRJAIUZ8kcdYjq4krUyoA,914,1.5563621889895785,33
Wh8hYReCfAJQVwZy66K9ww,915,1.9261280377880963,24
Wj-1G4qcyo1dcqIjhnpL8w,916,1.5069253595350887,51
WmIqb6uCqJbxWp9k7ZU-hw,917,1.4522625978216834,16
Wn_-RcqyIGm_T4f8zyP2QQ,918,1.9389573340771507,9
WrHCEpls59Uu4XNXNaK7fw,919,1.8924533315505045,8
WtmmtVkui7AjVIZvnqQHwg,920,1.6269727937008416,15
Wu0yySWcHQ5tZ_59HNiamg,921,1.1970258162408989,17
WyoiYXxSJdx26_0c_yVLZw,922,1.5748870248951163,51
X3nRtVpJ855MCRM9pcpnmg,923,1.2430896768801443,7
X3wwb1uOhmto7zMg27qEYw,924,1.897884617037917,9
X7sUUUheWm4OIUvKB9o1Dg,925,1.4232789862670006,8
X9CQJrMskkXV_4or3FSmeQ,926,1.774646186126977,7
XEqApY2jtSPdGptPsJHumg,927,1.333932852418931,56
XFr6N1-GdXM6lBpI2-g1ig,928,1.5440767534748217,7
XHtxE4o-uziJaoOYEkvk3g,929,1.3994183337748216,8
XK5NeMRDrwqSa9XQIWyskA,930,1.6153445355166793,31
XNdEk3LNbQr-nKyhcMPGRA,931,1.1436892259200788,6
XOF4-BgGkYakGaNH1N5BEQ,932,2.105158736355846,8
XOgqs74hkbXT54mSp7JMRA,933,1.7802383834063429,120
XPG7ps_Q9iSlxc-fi8py9w,934,1.4826150835690555,15
XSyyEYYwJ7bIBZee4mAOiw,935,1.5142962558910351,6
XZIpNI9QjSWtnmlGLy9AVQ,936,1.539728459055376,29
XZfv70IsujPrIMGKeL9kdw,937,1.6751974630927047,12
X_v2BkJh1xC5XNwhQSmU6Q,938,1.6067175542200525,9
XblC-uuSuABr-woFwtHPmg,939,1.6228627766487513,52
XdXqwbG_S03aEXj38sFffg,940,1.515729957223195,12
XduciX-f9ONDZ-rUhs3PfQ,941,1.4297288141157136,15
XhVR11WhD08QLu-YHYaRaw,942,1.674710922803485,9
Xpee0dZa7e3bEWyGZPFzRw,943,1.6922602501856059,6
XqWiDEMPFDZcbF4exyre8A,944,1.5485875132589249,17
Xw-RU4AXuxTEDlv26MzoHQ,945,1.4164312176580784,7
XxBbmN0D74n1M_8Rc3RydA,946,1.5097505267446918,8
XxNd-LIlQE-K3cCajrFmtw,947,1.6151642327742413,23
XzumO9h1vRoovW0qwmBUMg,948,1.534224132867305,12
Y1EZfFc8ge_jJShEoG_brA,949,1.5887387535823716,29
Y6yg0sxJjZg7m2UdF9eGZA,950,1.417313122876423,9
Y7R9JgVcyI6k3OAQDmN8_g,951,1.7553774824613604,5
YBJVuZ4gTMLV3DBjZ16s9A,952,1.3333488983204493,6
YDAL4CBJcp3xrYgAGVGgaQ,953,1.5989784211680438,9
YDrRThaGP3Otqxf16zbyag,954,1.4752862436337773,10
YHYrfTMcaqkMZ8_hpZn07w,955,1.6334148314724033,5
YKm-0aMn46Yi0Re2lN1XRQ,956,1.6745164084526307,17
YOGooEEMp_jLQ1JdX1IZDQ,957,1.5638270631668698,4
YOIorhfo8hHhilRyam2c4w,958,1.3752444099649124,10
YOmyzxTFYULhTCHdDgWQRA,959,1.602580562021567,34
YOnaSFYeq4piEPkbXm1eaQ,960,1.629699758901028,9
YOw1yg8THktCCioY2q55_A,961,1.6807536776246996,5
YP5hNfCZruMdByn6Ah6XpQ,962,1.3641482914149283,22
YSOyGzdV4i7qE4nmBohMNg,963,1.9052943843584418,6
YTdNcIWAt2nEzZ7NY-fniw,964,1.7252922692286652,11
YVCpIxZTjPWhI3-Fe5TVRA,965,1.6480797826432394,24
YVaONBBT9lSJQwBPWCB0qQ,966,1.4714519017870287,147
YWEXjQEs7abyX_Fo6-mxQA,967,1.5176143740458032,8
YYB_BOY3oHV2yOwOWMcD4A,968,1.704228503468337,12
YZHTcdH3lKuJIDwqI5oDxQ,969,1.805158116454094,10
Y_8Z_GHldJE3PED2jroAUQ,970,1.396493133074582,19
Y_h-nrOIIZWBF-AFzdQbgQ,971,1.481823818347074,10
YbyFWcdqfzGweO0vhDfXUg,972,1.6765128478383566,11
Yc_DAhEc7maqaRFli4T6yw,973,1.5699587292965833,31
Yd0Do7Ki_GQlUdLKuJr2YA,974,1.8217345686390383,9
YheJrg5LWIVQpIUfGle-GQ,975,1.607068466412392,40
YjGPdrNZIQXipzatTPLNtQ,976,1.2868379923052418,7
Yjer78RnYr7OCzirgdcOaw,977,1.711319470903485,10
Yn-ODU13uFNO_p0HZWZuXg,978,1.5328086740411933,24
Ynh5YbifcFvaJRJksiF81A,979,1.571366620226477,49
YrugcPqjHGVkrSXpozDowg,980,1.7074100981507778,6
YsnVq-tnmUoCjO5d47jFFw,981,1.5789365694560187,8
YttDgOC9AlM4HcAlDsbB2A,982,1.6126212105220616,14
YvQEbFJx93Bt-Pai7SRn9A,983,1.1482171498130385,7
Z4KJFsfbGOI_Y_betFy_4w,984,1.511324502784454,10
Z87msetd1CrzYp0rBuwS7Q,985,1.4475661125341899,9
ZAc5vMMYLgyYqgjHXGce3Q,986,1.3646181019621169,8
ZD76B53WiEdv3g2lNgTbNg,987,1.4958538180577365,132
ZFAtjSBQDA3kDExHwFz4Iw,988,1.043703275554886,13
ZFZB-acrqGQol0PXCgd3pg,989,1.565930799882934,13
ZGiwU16rhGvWAYUzkWL0xw,990,1.3697309087355585,52
ZGmjA3NrrmcHVX3SoAWaZw,991,1.5714349071480267,12
ZHSbZiVoE1yYkhUy9Bu5eQ,992,1.4317210831408462,8
ZLfpnktkcj2nWusAznQiPA,993,1.7777721591788993,11
ZM6XDLkChp6X_jYylpEjZQ,994,1.5013922425468151,6
ZMocFA2lNMJeiKjguUKu7g,995,1.5724771196376692,8
ZQ6SaWr3BS6YRNZp8A305A,996,1.5043746730529735,69
ZX0gjSFgguZcX8QK-uIcJw,997,1.7559641151504186,11
ZXhRzUFOeyy_jkh0YMh_NQ,998,1.4096049072017087,7
Z_FIfgFiULp_9aggaSSoYQ,999,1.6148520763710266,8
Z_cRQZn0EW1tsMsrXo312w,1000,1.6648200111964004,12
ZbgS4WttNQLyYn9zRD_htg,1001,1.5509052000057555,12
ZfIDArNjrfsQwcsDHeMZmg,1002,1.5150280139902486,15
ZkZD0czM-rDP8fvGCtuhCw,1003,1.4878364482457258,12
Zo65YWLtfLdixAZ_nL8jdg,1004,1.254460575183986,9
Zoec9wehLFa8CV1JnCCVug,1005,1.634677445707858,103
Zv_rMzv_8-c2-g0WtEXlTg,1006,1.6045331264234326,14
Zxm9YdQPtkLl4RZrIL9eTA,1007,1.4283609807539541,8
Zzagn2Xg7sIcPeoP5TZ8OA,1008,1.8426450290371952,17
ZzyRIv70ujOBN8T7qZ0LDw,1009,1.8276227395730058,12
_2-7v7LF1xdxMf-I2eY-Bw,1010,1.6384070589397128,14
_4NHePAXLhcloTD04wqpqw,1011,1.4278987549248014,118
_56O-ii3sNA_EqKUXCjHIg,1012,1.66295124873976,20
_K9sKlA4fVkWI4hyGSpoPA,1013,1.686915307038111,14
_KWSSqa3_NgsQu455PHipA,1014,1.655243981736528,11
_OkEXLN_5T9cMc3UFrLT9A,1015,1.50514755850101,25
_PlVMtt4bwiOAalr1wso9A,1016,1.5777003416856081,18
_S7P6eKBi0Lm-BLXut6HcQ,1017,1.4713984979360315,17
_b6u_JPQU3TwG4vQdCO23A,1018,1.6334040184372332,10
_fq0kJ5xjKQa2Ei3OZ0igg,1019,1.458779879764208,18
_gJ89820WEm77d5iS3L97g,1020,1.5438828791700776,14
_muhtS8ZFnV61s7Q4JXDwQ,1021,1.643922835160533,16
_nLwD09dAnkCT7Wm7-c9-Q,1022,1.678175491424828,8
_ow-WHamb41wjRKZvFL3yw,1023,1.4305387425571476,9
_weyOTpGJI9lr8FQk-6KPQ,1024,1.5524494533418989,11
_xgxMsX2f99Cgzy009Y_lg,1025,1.6286866212940956,24
_xySFsYaAMQR2WZJQSTjrg,1026,1.450267590869738,17
a-vDo1mkdtbf-e4XkUeb3g,1027,1.4580450064009267,12
a17czh62Cwi9Pw53AE53Mw,1028,1.477318810583093,5
a1ISDGrm5mmeEX12Ee92jw,1029,1.3112123839034326,10
a3gKHarQcY61pZ9B6Ob5fg,1030,1.3475571649262172,30
a5iX0JQhnyFoAVipBh-Cag,1031,1.6626373071324174,11
a85eA6qMoD1S_wA_-HRQKw,1032,1.9312319697563842,8
a8gxBNLH8eqX1tR_LrrG7Q,1033,1.0373380360825906,10
aIWm9BViExwLpTJsbCda0w,1034,1.5690585839710598,10
aIqDek9d1fDEgLIAWXMGSA,1035,1.5235121872723663,39
aNfG4yqETNKXNQgc2qTToA,1036,1.3310940105020803,112
aNmrSw98PhdvZkLgxP2PWg,1037,1.3754836600058495,20
aOPijKnBFUBCFEwZQ2BIBA,1038,1.7668813605117164,18
aU6Mq536aI1r_BunJE-V2w,1039,1.6093127435697678,60
aVxpgZk6ZwUBKzvCs2Ae4w,1040,1.8130772879859915,13
aYL7qtwOMdzYayaddq_Hnw,1041,1.370881082773407,53
aehLkadQqOZ4-xX2d0g0aQ,1042,1.4712093743580008,9
ahDxPzmaQuSOQtQMvZryZw,1043,1.6451277919225136,10
ahgcM5gvEyu8Fg0d1RFnlg,1044,1.317070474662864,12
aj9ucN-8XSUCX8wWuddEdQ,1045,1.4661965367329517,8
alUuOskFSl1bODjnce2PpQ,1046,1.5637459870906012,11
ao7Jt5QoBWO15lGdZH16Kw,1047,1.6226564393248446,27
aomkMAGFrL-gD6cqQjB4bw,1048,1.5920243713864273,22
augJQotyLB503iq1gVJ_tg,1049,1.491231525364157,21
axNXwJ63ivm9pImOqNURuQ,1050,1.368477717529457,7
b2v2x9EDvtn7PSzVCvDurQ,1051,1.8200068011007664,9
b39IckHDyVLVSGYhy6Sszg,1052,1.674186880173078,18
b3r6cl8hyujfLG2yo8qtBA,1053,1.6869906903950103,3
b65mLqGUMVVAU92LnVMZng,1054,1.7088210900969483,8
b6i_SOxMPsD06glfJOclpw,1055,1.8027062269572094,8
b7ijwegYC73v8FwefXk9jQ,1056,1.3693275672428258,7
bBpESkJdwW5kVEgm8DErEQ,1057,1.589686036190714,11
bCC9m7vuNKISQ-ckJ98fJQ,1058,1.6056528014362468,27
bEN3YFA6g8AavPTF-zs8Iw,1059,1.5310528977159785,11
bFquREKMHZiqguAeBoSRFA,1060,1.649854186016848,17
bFvlyU86jr5N1xQYdAIrUQ,1061,1.5455491886863624,21
bG2dLL-UvHZeuW1LTahvsw,1062,1.53210456085631,22
bJ4ONvAvaGZuQsOZiJxsRQ,1063,1.5737303692642535,8
bJ9JnroYXtpbIbJBp2zFTw,1064,1.524703098085152,12
bTRFge5pRWMh7IoCLn7lBw,1065,1.626029452504136,7
bUPeHBFEINhqiKj9-k4-zA,1066,1.7060963186122229,32
bY3FFAvI-ZK03PtGEJghwQ,1067,0.9191572966117916,9
bcalCCwEIM3FVhx7amRawQ,1068,1.4182324135031776,72
bds7VxgVm0e6Pu5RuVV-wg,1069,1.6055061092039435,12
be7meZBiaGfAqR_4OfRXuA,1070,1.4077970871509902,9
bh3KpLgAGO-myZe7umdciw,1071,1.6576562339063448,8
bj2_KPCKpQdNlN8hlHSxdg,1072,1.3852313597449757,34
bkkTT9tk3akOWwc0DFlfQw,1073,1.5534949182088686,6
boi3nsxTJNQoTvjNly0fkw,1074,1.4763895549623887,6
br8OBph7EjkHD_1N4F4oRA,1075,1.4182967224710468,1
brQ7OjB6f9nXWGk45A9A3g,1076,1.528003257727412,8
bt9GKJJLTo75tu_13SfCLQ,1077,1.3553363339896607,10
bxaICaGxzYHSB1MsztlGdg,1078,1.5590440548113882,32
bzCgHWtklCymHQDEFiCppA,1079,1.5242930149895562,15
c-dchuYjRCwJVstIE5KnMQ,1080,1.5801660719690565,15
c2BbxDdn6QTy33682gQDvQ,1081,1.5449156047833252,9
c3xkFRo38JB7T0xgiPOEbw,1082,1.7638457821276163,7
c4WtEJl5iNbuvtQwivlsXA,1083,1.48534596617624,10
c4uDSBsnHosIqaM5QFwNag,1084,1.424344300752723,8
c7C5QziJbx6JOnQFiOxUXQ,1085,1.614185517243329,107
c8Ymo6xaxz3JI3u6oTVerw,1086,1.667593688244343,20
cB4YGv6Yg3IYXAIjwpdl1Q,1087,1.477756417390887,42
cBIkLz-J_qyKAtFCZy9dUw,1088,1.547911407275964,15
cDP4v_TQ4NFmwloP5a3wug,1089,1.578397537183718,15
cD_hpkvErXCyQHBQzv8KYQ,1090,1.4981026256196404,6
cF1oFZ2cl1xpQIsq-yA4mQ,1091,1.715927517223611,13
cHqSjxfYLubG54Hj6wZUyA,1092,1.6560652455373508,7
cI4HOmEOCT8ig5e9nQsAwA,1093,1.8130636021674453,21
cK-tsr9qzvDzq0UjmvDsuA,1094,1.7707542286543023,33
cMET82t9sXgLaQpQf5TWmQ,1095,1.4631408721023502,15
cP4pPhisO4SybmtjGJ4Mhw,1096,1.7903995958090186,16
cPClq-DhfP3tGR98oAst7A,1097,1.7299216509215642,4
cQAZN2ZKyMI1GXGm36lDhg,1098,1.6487880475691103,11
cTVPm9sFMo6GYrZY-DOQ2A,1099,1.4715361208778641,13
cUKuQRcr7Ln6GwDZrRHdwg,1100,1.676994361676894,33
cXciolQyHZiW3uAB_dgPuQ,1101,1.4646050635132455,8
cYvXAzSnKX75BkPF8bsmwQ,1102,1.6897516239641108,9
cepWh5C0lhK4hdnxkIvlhA,1103,1.577459965233854,15
cfBZdumy0jx3hYgKst3w4Q,1104,1.3741249807331648,8
ci9-Ic64t3Q0kwTYOCNSmw,1105,1.5559167913599574,10
cm6ctpCg3JKUUqV95YCwjw,1106,1.6498783856411396,19
cm8FpL5fpWVq6xXF_t77dA,1107,1.4602217025215294,6
coFjUcQ_z84LO77CR_n5Fg,1108,1.379779426348845,7
cqRzS3rctGinVHHvORyyQw,1109,1.37493882627481,9
cqagyVkvbBB32agnJsIhVA,1110,1.4113047278362552,83
cqclpzpdcOLgsf749ccWBA,1111,1.4590998871376804,28
cqgjW23FJyu5kFlRDN1CpQ,1112,1.6767287619812827,118
ct_FaVZtLhTL1TUOP3UdKA,1113,1.4665837673511661,32
cufhYFdyrUAt4SWe-m0grQ,1114,1.5255373441214473,11
d-6mO6SgRpHEN1J63RRwew,1115,1.4726278555097736,19
d-Gqlej30b9jgRQKWJe4yw,1116,1.6186193945165095,6
d1G6qV4v2RT2o8v27anr2w,1117,1.6205559062707806,17
d3kEhf6hmEFmZsGmE-IXUg,1118,1.728421107938635,11
d53zKkkt335hxWbtvQCguQ,1119,1.367938365701311,7
dB4ZVcM1x9D_QrniH0wAZQ,1120,1.659576018859862,8
dC4ZMttRK3zjPAmjt59GbA,1121,1.4492142645734873,6
dGx3ECvJ3rz_isz1U5LJJA,1122,1.5402244501157065,12
dL8w0-cGckDr57lwDYBwng,1123,1.812420367307027,8
dNIxs3_qcAuF8S9kS9iFCQ,1124,1.2434586443237134,8
dPw3YdhvbdY7wVL6N_Y6yw,1125,1.3748933891962263,27
dSi-ENQZNeLKr-mfXoD1mA,1126,1.563722387192243,6
d_TBs6J3twMy9GChqUEXkg,1127,1.4077710552007479,7
da5kz4kEBUVc04mBsHxibg,1128,1.7183938362971045,7
ddUsCHQmQr-N4cHMl3S3fg,1129,1.599537640267534,22
dfB-XW_RwAcIKmFrZK7U1A,1130,1.6132019867034055,74
dfIOLWBUkZvULJUqDeJ-Nw,1131,1.6461306636969244,11
dfdPD3ebqiDMPFn_1XwH2w,1132,1.1149584082696793,4
diX1YW2NhhoN-jLPnaYCdg,1133,1.4811059469435646,3
dlN-vznhIr7O212St8qVVg,1134,1.6240762422408712,8
dnHvmhmUgO2eLn-oJZdQbA,1135,1.6527304268108547,9
drGNweWqOyhTzpWdXmUPpw,1136,1.324949686071106,10
dw-JRbJxIanXD47zwCISrw,1137,1.7281956309832518,48
dxZJaS858DFT9sMVAElYrw,1138,1.5627195977275559,24
dzJcgfX4XmlimjpJuSmLlA,1139,1.625141994295545,12
e0Sx0Pa32AjFuFGP2GjmVw,1140,1.4121467098933178,6
e0mVFm-En0a7f4YueB6u3w,1141,1.6193883493342054,10
e0z6O22yhiKnxfjQP3aBSA,1142,1.6412701013817825,7
e2f_jLab7P0w7emT5CX81A,1143,1.282718108562825,2
e4Btqqc-VNdu6eyo9HNbjw,1144,1.633643536027461,8
e7_srfXOYuHkX6fAim1T1g,1145,1.4962926170508508,15
e9ZmTHdWGxwdvSra5GbVlQ,1146,1.4503216323656651,5
e9m-rEBMioO3SXG1N11qGA,1147,1.546528360876902,8
eBtaFIQcrnNAo2QW9GhRwQ,1148,2.1854130415430064,5
eIQLLIikPj4tPDPWhcOltg,1149,1.6056544035319982,9
eJ-7Xdj9GnNjvFhub_n3rw,1150,1.6153412455999347,10
eJvWbwv5AcNd-x-N_OjqNA,1151,1.5661951229105089,18
eL8VdX4tyDr5zHWSahbtuQ,1152,1.8709114709832249,3
eMqCPTl-VRfYqy3niVHnPA,1153,1.2164002218960457,33
eMrAfFbqFb0BOKaZyeU1zw,1154,1.7953870591584509,13
eQvM4HYpRT4gR_uHJ0euVQ,1155,1.4542335577533747,36
eWUWCTB5bKs_-rgxbcjALw,1156,1.5425734794415973,18
eXLmI1TE6qMAGoVQowRDcQ,1157,1.5671573042057945,10
eZmkE1F8UKbl-q2ZB826IQ,1158,1.6161941573004164,8
e_la6noynhU8VOqqfyDEwQ,1159,1.6882799562912483,6
edEre9EWCMj57lTkvZOLDQ,1160,1.7197085333612265,16
ehzvSXsijzgxsYHvXeaS-Q,1161,1.7355921392653897,14
elMr2rELR7WLVWc4y9bxPg,1162,1.682570246466084,21
emZr_JJQeFBHL5173ORF_A,1163,1.5877415444051028,8
eoHmSfOX6LgsP8fo4dCLiw,1164,1.559663387466607,11
etFM9ip7gMGck-VI4geW4w,1165,1.2305863042029828,8
exygIMUwWiMg8HU4L_lNIw,1166,1.790002913001345,8
f-uTQOSbe6xI0V_j6A3UnQ,1167,1.7012185913418092,7
f1QF0cKkQHUju3EuighrAw,1168,2.1006938438252014,2
f2iqOc1r-rh4xtfg9MKbQw,1169,1.4418489450658094,10
f4f0qnbLkjGnpUvdrtfZzg,1170,1.6657468147683765,16
f8Bd1gr7glnnonDzWiyw1A,1171,1.5564562403405118,14
fHG0UALsw91_EhbQFL9oXg,1172,1.2999777359650395,16
fHrCK0tAEzUPXBVGObGzAQ,1173,1.6761980071141118,32
fMY6bddzFw_3El0F7X6EBw,1174,1.4413840947942498,13
fQk6bb7F08NMb6drUxn71Q,1175,1.931975963260812,7
fUONk1hYytkLtZGD-rLFOw,1176,1.615090275950947,25
fWuJ8VQSJ_LDsmYNBSU4jg,1177,1.7752558947491506,7
fYB4nPD2Y0uXXpVo20ZrNg,1178,1.860496766334679,7
fZTaIArM32QD9xv0F-Nj5A,1179,1.2202501285839542,11
fckWXoZDnoqnatJeC5KQQw,1180,1.509266720978814,5
fhNyj1JsyRHUjW2YnmWhfA,1181,1.5047900738728521,25
fi38ETFUNBBndrkKqLqUtA,1182,1.6356096802372162,58
fiz9Y2dagXIEq0w8FGOGnQ,1183,1.5204719125235628,10
fjFYpwpvlIlqoiNa3myDEA,1184,1.6518774032340728,6
fkiZ7pUJtaEsMtmTP87eUQ,1185,1.5068493882483998,15
fllQymLLlR5y0Os1slvvNQ,1186,1.7237158524092189,7
foC7W9iCzvopo9LVLFAvqg,1187,1.5925338436945178,14
fpYMYJowa9Levq6SszNcvA,1188,1.5002959911387639,13
fqi5tu91oVzUlsEDnqUuzQ,1189,1.475501239581028,9
frlKbObavggbdI6cWYO8XA,1190,1.5772995740498588,57
fsg9tvOGTnD4Z6hi02xPKQ,1191,1.580110703628742,8
fx3jHjZBsNykO2WBLyEZag,1192,1.7442349399517827,16
fy4Z9VPLoCo1Zn_7B1V-jQ,1193,1.6474212746719323,8
fzCFYwjrTyvCKoecPuq3Bg,1194,1.1912243404419391,5
fzxwe76njDWbF0ZiJoP5Lw,1195,1.5555898720323997,11
g-y4Me4bqDz8jwFzX_e17w,1196,1.5697315513258479,17
g05jfdQIwe_ANt75NprQkw,1197,1.6598085086797345,21
g7hKHr9vom088NmWe9Obkg,1198,1.2502789597249124,6
gFhmWn6uC4Tq5YgEbsyvzQ,1199,1.9750202254221239,13
gPEyjK1jiejAORAgTD3WBg,1200,1.812849898649942,8
gPK2AKr-UA_7hZus80SSng,1201,1.6123759845536663,14
gPh8rpoOq2hjyhF2pAdn2A,1202,1.5874164604110168,7
gQ8mvIM4PCFepn1wn5YC1A,1203,1.7292458088368377,37
gRB2oi1rVsuy4B1jckMJLg,1204,1.5498869977151066,10
gS4QCL6j_umAyfJXBGAZJQ,1205,1.7054334477347355,14
gT9vAWbO0c_X0b4_hQcDaA,1206,1.7115356636750343,10
gTYrFdJ9gcMUMP11LrOKLQ,1207,1.3231656381703147,13
gVIg5YIIx44tz4fTzvVdlQ,1208,1.362578388699276,13
gYX8SA8SmLE0CC7PJMuEeQ,1209,1.8194269109600913,3
gbx3IYFKB-36HhV5wM3G1w,1210,1.7879304368811508,5
gfyW0vuJls8ARoHmogfcmw,1211,1.4947756476619878,6
gjMb1rLl7yGnA4IvqAzFng,1212,1.6856369598706527,8
gjnrVDX2l_LGfMEkcKBXxg,1213,1.3173023612498038,23
gk7QzENtPjq6gRznGkvcOA,1214,1.7625080942172422,6
glCZpRr0LSMssbkOYGXpbQ,1215,1.7520355956859683,9
gm1hD6Z1-XJ0K4EjarpP7A,1216,1.5296713104291502,16
gmehpVzw56na3bPco1IZUg,1217,1.286052772468513,11
goD_IMLQNEm8TrzpR_vtTg,1218,1.7111148328375883,42
gpN4Z9leh5VScpeI3pqE4g,1219,1.493213316402149,15
gqnhxCtGgnOhVeqAzT5ywQ,1220,1.7913146612594009,10
gsVf7YvSfMQlpm8F_EPBHQ,1221,1.741673606038756,9
gwIqbXEXijQNgdESVc07hg,1222,1.382073733658068,12
h1UcaSPIPpQqMiWf12Csqw,1223,1.3435270283009295,20
h4cduDwCH8K9LJrowoJraA,1224,1.6797308866676615,10
h5e3Lt-rkc4l0rL_J31XHQ,1225,1.3825720259265888,22
h5eVBQ5DyrpnQOaJ9ycl3g,1226,1.664479878077369,5
hAiso8IQfKW88uWUGDI51g,1227,1.5329833865712619,29
hBADi4exXG7eTd90WKwQjw,1228,1.673814342626892,14
hBds68Srn5bQkASAwZAx6g,1229,1.559628668604826,14
hG0FxhGxIz5mv1ezaKcQiw,1230,1.5312214258877157,9
hGJhZ6Z-sG5ux9yzZc406g,1231,1.4539884536541259,19
hGeXKYWkqJgFC1u_Sh6kCg,1232,1.705463262076634,10
hHWxBQUquz4wUwY5ck9JXw,1233,1.8002376520904009,2
hJ5ESTUlFmiRp3tjr0c2-A,1234,1.4309094738497599,6
hMY0wsj3VxOaBixV_6YnuA,1235,1.59475723811541,38
hP7mKqLv57veQKiFWvA0Dw,1236,1.5457993271954185,31
hSMp-3UX_raUyLGPaJWzOg,1237,1.7655596754708007,2
hTZb1INhnCG8URaFywVoYQ,1238,1.3675785520220618,22
hWDybu_KvYLSdEFzGrniTw,1239,1.678867521423987,17
hYnq9-wO-RzmiTTGMCNJgA,1240,1.6660518972032272,13
h_-ZhN_mFN8QO-L46bewkA,1241,1.4868357797957497,11
haFsmGRhqURy64opDrjElQ,1242,1.6860399356475682,3
hchTHSS03ah3c2FoUavEEQ,1243,1.1299299935566396,18
hd8MckIJhuVSnIfEj2-grg,1244,1.7022211263466471,10
hfsROg9YiDuKn7zDd-VGWA,1245,1.4250865207158638,5
hfzIucnKdAXemPUL3wfNxg,1246,1.7360614454814778,34
hk21DOfRi7W5bXEIh-ccAA,1247,1.23770859190911,10
hnPTPyh6wNfZe1GxOm21Gg,1248,1.7186016319983148,15
ht15LYvZ47aH9U8QaGkA8g,1249,1.5793545188342946,8
hud1Qiluxk1A7XpxEww1WQ,1250,1.6443210945328537,14
hv2FYLSr351y_XhXRXlmuQ,1251,1.7079262289768615,40
i-rfAdH3NLw9fzLlkc1P8w,1252,1.4412538934972325,24
i1XAHltBpZC5zP5skcwVGw,1253,1.5530025227238777,35
i41jEKLHs8eLkcZEdH7Kiw,1254,1.4673789842170926,13
i5IRMopHB71X3Ou4-OsO3Q,1255,1.5945393187396448,12
i6ZDJFeypkj6kCvSFjMbyg,1256,1.5070716913556361,16
i6w1V5iPWdYKVPnZLOeLkA,1257,1.4308248744960397,10
i7dva-DqwjyAtLVc2idhNA,1258,1.686849081913763,36
i9JdCwktqXUiNliaVMYUGw,1259,1.5256813453970033,9
iAfBmkVdzVJFz1lprDG2BQ,1260,1.6142829761057158,18
iJs63-OOhaD2JvDOJcA4Lg,1261,1.4143309537053717,14
iPemyqGqb2bTzZpmLKwv3Q,1262,1.5464300097662078,36
iRH5zaVgqX3wYxhLXOYhNw,1263,1.6253474510060195,5
iV9-W63lasz0Rx2s_-1gRw,1264,1.4328425976095218,6
iVMfEc7mM58hDlKrTEtn9g,1265,1.551438411214864,9
iZviX6z2D566l4wWY2XxRw,1266,1.2944734281949088,11
i_4JP5Co6WZqgoPHnIPh4g,1267,1.4414780606120197,9
ibixRU62K5BjQGwNFgVgRA,1268,1.7579613090069008,11
ic-tyi1jElL_umxZVh8KNA,1269,1.385420988075738,9
ifBAyw26vmE7ciPOb1xwZQ,1270,1.7410988188528422,11
igib4YO3Y4PzHGkny0gOPw,1271,1.4732574647219785,12
ijOZLZDhQZ7nLLig5Yhdeg,1272,1.5769521954504624,6
ikHTdbcQrKNVvnyetPvTIg,1273,1.5419134299057111,26
ikvJpU43hF3CTrt05G7Y9w,1274,1.6193441125949293,11
imK7v4l8CH_9r7ReMipA8g,1275,1.63543328513548,12
ipzAfdkNLNgqF7tA-1X4ig,1276,1.6037138675297924,8
iqQBsjqOF9xgIAbsZ2sAZA,1277,1.4135467401398056,56
iqWpg6vfJc36OC14_FN5KQ,1278,1.7362083542693652,34
ir689oBNmrJXOspb4yq_Jg,1279,1.4256119371350464,12
itgEZrqEtsaMfAp8nJ_Nig,1280,1.3517070283828627,7
iwSdey8jOgLMLeJPOtwgPQ,1281,1.4708882869274946,11
izdAXYjPdwaztxuT6C7GvQ,1282,1.5449600324187178,33
j0QaeP3Ymo7Nge_RBOPSyA,1283,1.7378061194132202,7
j2K8zOPlKv8feRY3fv6-uA,1284,1.5619959885439152,16
j4o2zXyNCZbH1_qsNkVTNA,1285,1.7777315697841822,39
j58hmvZSFl77g5m1TXIj5w,1286,1.4976433651154994,58
j73PV5oCS8KNuAz73PzCmw,1287,1.7369561061454322,8
j7QAx9MEmqMolj-SVnrFPw,1288,1.5511207046883688,19
j8fbMLXV1XvnoznuwbG3Ow,1289,1.5674426896635876,9
jIRncxHYvAPvcQ6RY9sVXA,1290,1.520608044998955,7
jImKbs4In8xg5c73Gb0NTQ,1291,1.3489812907825098,16
jMWTcXyCNg92PcJDEOZm8g,1292,1.6549328589843633,4
jVYzrVblDFSuL3GHtt8ZSA,1293,1.6649974962845087,18
jXdnU8ONRIHVzhmDBvlmOQ,1294,1.6678422468999443,22
jYl7vjnlAcfWDahBTVtA4A,1295,1.5875767247623895,10
jae1cBvdz_CGQ2r9LX8iFQ,1296,1.6134073870686858,9
jcdQqHTBAIxvBRLNfkkZyQ,1297,1.7009165090845395,9
jd-cqkO-nLwXZ1cw6pbbsw,1298,1.6831629965498234,22
je8HtmTCy7WkoZLH-UJ5IQ,1299,1.5367170910386052,4
jehXjSEOVDkmlsXrwpKL9w,1300,1.5472830463204141,9
jfUTkA8sIhiw5ahn9-9HPg,1301,1.4955318877270685,75
jgRwa4uTwIL7vCzHE8LITw,1302,1.2506658288326258,5
jhTtZbkU9f_L1EgsoTV1zw,1303,1.6627857962217476,17
jiVOSL7OIu6d8Oex3zCC9w,1304,1.575796878390225,5
joUU_DRN0SC4mXPuI7A7eA,1305,1.4877533893095247,7
joVIFfnvr69XWDFLNEEcUQ,1306,1.6119899518354701,8
jrV3hEXXYstsjyrYDB2eWg,1307,0.9138030004700528,11
jv71Iloh-cvbLQkFfBKOYA,1308,1.5450583724667137,3
jxcXExWgrObwx5AL8-LMbA,1309,1.7294298980404605,37
jzV56K7A_mx3y3Eh7YG26g,1310,1.6695300141341949,11
k-HzrcJ9xt6LJhL8pkBHwg,1311,1.557559837883406,7
k-q3NAjtgCa-2hiXj4zHbA,1312,1.5134265027340488,7
k0QpEqseu2y87KIHyGVlzw,1313,1.5400229384608537,7
k2qyzc1yQc6UppJLKDCHCg,1314,1.7152089983550767,20
k2t-xCELlWanDIBPp5oEyg,1315,1.7088087691411324,15
k6FZ8BywAcT465IGEHAy6A,1316,0.9572501440355039,5
k6ru-yaFq0bYVmJjiv0-TA,1317,1.5114751188648194,8
kI8IQx34JjZCbgvR8DCj5w,1318,1.43687397701946,15
kIkzIPOiv7UE04RXWpDTxA,1319,1.5184963800343003,5
kJ4lojFBpi5utB1Djke2WQ,1320,1.6676463295148947,10
kKxM1PFhxVsOS8DsxtcH3w,1321,1.2125132646279757,10
kLm3B6LeboEZWX_4otpILA,1322,1.412458961285941,10
kMXPkvGLJBLgkZVLPQmSlw,1323,1.7774965051519176,8
kRSm3Y3DdfIM7etuY4APhg,1324,1.681521484844233,10
kW4fxtnM7anSBw39se9ivg,1325,1.3739608144638114,29
kdBZbrADAVbow_E-nS_5bQ,1326,1.3846107365480604,9
kdMxqSv9Yeezlr_rPbQiGw,1327,1.5732247313088044,9
kgvTkSGVXS78xypSG8o-Bw,1328,1.3516121224258157,24
kneX5ZeKlEVJ7qvg_EXBeg,1329,1.53259034929489,10
ksQQ8Ff0BgmQ3X7NG3GVhg,1330,1.8128051913208838,9
kwvy4FqJ8RAAY9lMZV00uQ,1331,1.4946830089024161,19
kxA0vTDi1KABuA5Tgg1HKA,1332,1.6534351674741683,22
kzXh1wIcCekofvPH5PGBgw,1333,1.0180279489445958,8
l1VoG-0-bDF-us7xbWxfeg,1334,1.6113227364733498,10
l2KQ6jm88t_tT7LLdxpuvA,1335,1.7405607860615908,22
l98u2gR5SI13Dh0-09GOcA,1336,1.3373820201943,6
l9fGOqjEQDEN10Pog3cMng,1337,1.925046899260678,7
lCB2P0vuS1M7rdhRSI2Cyw,1338,1.628998732902233,8
lCmvpQfFpdxhbWVM59eUCg,1339,1.4658251599876935,11
lGhtC6yJlzfDUe4wjZ6ArA,1340,1.568303883696829,18
lIFrkMakE6IbHa_Cw-us5w,1341,1.5836134437941531,6
lKRbcLWDQmOmhcMa3vMCMA,1342,1.3988983727822006,27
lLF9x4I41LFFKa_FX-lkbQ,1343,1.7688434308921157,9
lMl3gDOuKT7hmlkwJ8it5A,1344,1.791367451611104,8
lPbszXrXKPnRchbzwVbOIg,1345,1.5024058503057365,69
lPqIwC1QWXq7OY0sm-Vc9A,1346,1.5567520725341146,15
lWZD7nGTxY8DDvIPCORxCg,1347,1.6869223153650235,12
l_mzAt0S-GkY8aOsDBTAjA,1348,1.565065888076965,9
laaC_7aQ5mWm6BNSfHJ8fA,1349,1.5866509295933064,39
leZp75aVY7Ka5GOlxyKV3g,1350,1.6226540274618022,11
lj7oQtEcU13VFxzsQ0GyKg,1351,1.9262905851414096,6
ljG1d-PF5xtKYvrMGd8Iaw,1352,1.5677752821743682,2
lkfO4xB_V34d1j91Go3dtw,1353,1.4632922130379005,7
llkhzKJ_MpPbUl9Kjpk2HQ,1354,1.7295873872301235,15
lmg5GnxN6iRqBHaR39CzWw,1355,1.6868665555687306,17
lmlP7OpeA4O060C1MWnd0g,1356,1.8111777711430415,14
luxGSQ8kNf7Q00DyBrLCgw,1357,1.7874517977284605,7
lvGlIBv4xkHiQBnNOuRYZQ,1358,1.5966024069680906,14
lxaBfy6snoCHWtN5KPrZtw,1359,1.627677462204253,4
lzQLHoJdaMNwiNt76wrc4g,1360,1.4638214187620646,7
m0k4qKrajeg3libJmOSE3g,1361,1.297584759712045,12
m1AUK8tI19tUT_N3DMkyIQ,1362,1.4067213058068682,6
m5ze6x4P8c-FosOnyILqSQ,1363,1.4959876670228063,8
m7HERJpnOxwTs245RrpDrA,1364,1.7031761824629015,18
m8chY7QWNWfeisYG0yiK4Q,1365,1.551977471185086,8
mDBAmEsyxuVTTT70dK-dqA,1366,1.5868081251753494,9
mEo8JEkOaoX09Z2jD7Cb-w,1367,1.6120416911148094,18
mFwRTTDW0Yr-rFkTF2cFsw,1368,1.5929038766133639,18
mHEuZHVHszZAhDYRHHqmBA,1369,1.6903144602574682,5
mHp2B0MPRThJ578M262Gjw,1370,1.5578124656936954,6
mI4JiIhxbL_oNC6Dkd7pZg,1371,1.8661561691687845,10
mLmgtTwuryDjJAQrSZ_w5w,1372,1.4838463608395218,46
mT8t8hA_ElPvHgQq2pQ4oQ,1373,1.4008870442460177,26
mUnr9q6rWDT5mFYAp8OHUQ,1374,1.7401990920690398,7
mY3NA8f6H0-i38SOjxyhFg,1375,1.5856262476490912,16
mYQmaTeWp87sGnE-rHvIOw,1376,1.420185010513177,25
m_7elkDE_kTEh65xHt5y4w,1377,1.8742204060346757,14
mbIkgZKxDw0E3S7jDkm5mA,1378,1.5755066972956688,10
mely8w4HtWpyV2mu7Mz16g,1379,1.5310422228172407,9
mfVvFwYoVs_WVCoojz8JrA,1380,1.8708963404396965,6
mjub1lsUL9Li0uEPWNONLQ,1381,1.4017464507667077,7
ml9LAhHAWs_XxEiBS434Gg,1382,2.010041723354024,7
mr52dL8Vw8tcTrfB23ykKg,1383,1.383827245711832,11
mspTQoG-sQsf7I4OlTVYWQ,1384,1.8202177509856494,8
muFEehJQ-NYC1WrIuow5GQ,1385,1.5455062377543924,20
mvlYRVqDzAi3bqQFXYjFug,1386,1.4949182606332883,12
my4lYw_V2qKauwVTlBvOHA,1387,0.9560578409455901,11
my6eQZaumNlr4C90WNfvkw,1388,1.4419080116609881,16
mzXDuhZBPdHfMIk1YXP0mQ,1389,1.5070921247542732,4
n0mvVYcr4FR5l4Jh7B-dFg,1390,1.6451182285140533,10
n3gpDx5sJJ4IEQ2gRrH1YA,1391,1.7350281157078533,9
n4utP7DswHhsbAoF5ladjg,1392,1.5516585838621002,26
n6aExZyJAWFgvaSqm0D9MQ,1393,1.8313199986072322,6
n9rgFCHVJf8JRPuW-oCPDA,1394,1.6050860485943717,18
nBf6-0Or3H63PDk-rbRoCQ,1395,1.7825343465065406,13
nBotK5rAhsUCkBKhzShKXA,1396,1.670440615281429,23
nHjRBSbzPeqdq5_D3AirEg,1397,1.5638219785893899,24
nIqvVX27jhUy1PVY5B5vow,1398,1.709949449435457,8
nL92nOMMRT_iYwoBe23jFw,1399,1.5684237808671695,8
nLYO1xYC2wZTErPfZrd3HA,1400,1.8219677755280166,10
nLvssaSephFYKHVjMd0XFg,1401,1.7025363051841185,8
nT5dDpvPTmQyAAzvbMetFg,1402,1.6147669930157698,10
nV340H_xSy7m7icIS6776A,1403,1.7257965718284727,10
nZKc_pVUaeEML0PGzwVMyA,1404,1.8865256459806412,8
ncAOj5Xz-XS6bpSnTWp3tQ,1405,1.4396596162066604,10
ngO6OkT3lKIX2ut1hJ7x8g,1406,1.4188931150819155,23
ngS7nhw10RJcxsIH7lBonw,1407,2.1411526581517943,6
nghz78aPzKPsD6MVFnBqRw,1408,1.5031588336248731,50
nkX9riHbrASlZcTfnAMGiw,1409,1.5436648030937903,11
nkXLM_2gga9WN_RfwuvDNA,1410,1.8317001711120762,33
np0kEpMPF5NHVd4mGMfRFQ,1411,1.7257007761961272,6
ntQg12WHfG-N3knpKTeuhQ,1412,0.721709344050077,4
nvfY_ykKJ2hQwYUFhnZ0sw,1413,1.6131624214333298,10
nwn-39vTU5OP1H6iiqMPyQ,1414,1.3604549519758788,14
o2nV6JuhnaEyPE0k2M1y0Q,1415,1.4043350585108823,9
o5yDcEolR08ZhdhXjN1GTA,1416,1.683126088178284,34
o84KZeqgy0YGLmz5I9P-pg,1417,1.851866462711392,7
o8tyaVE890sZr7QSalc0pg,1418,1.8437085224907037,5
o9XzWtzTuV2X9fyYevXmkw,1419,1.5344685193121759,28
oAFOOGcRtgo1KuAypWHHBg,1420,1.6546188786833524,12
oFcsyGuE5_VhyCu_yFv9xg,1421,1.8132707265509254,10
oGzoCwxBRB7OjuX5UeOnQQ,1422,1.414045927175972,8
oHra2Xov9DBFRvPXgSiNYg,1423,1.6165568762135907,4
oICx1e-5WHkFJhjXdFdSmA,1424,1.5923239560943603,22
oIrvWK6R33DUFdWbklvhrw,1425,1.5429861306000363,8
oOfu-75wAzAoAPKzmloHeA,1426,1.6778822810046552,12
oPVY6-CJt2EI335lKWwxmg,1427,1.5511382425491105,7
oPgxpguC82CTrOEb3IdY3g,1428,1.456305007143632,10
oQe-9ubVGS5QB8n8KOpIHw,1429,1.1466736708381677,4
oQwFLohuwcJYMd0WhCph-Q,1430,1.8609943179121697,3
oRtFHQya_MgpWjlLIRjM1w,1431,1.604667810419686,47
oRuZb1QYxQhKzKXU5pPfdA,1432,1.3995873875160485,10
oS-NBhuWYOGeDyVHKSIwDA,1433,1.561562849841063,12
oSXIHISg8qRXx1X6nn4cUA,1434,1.5672806278476272,6
oSkz7bxTAoFJxgDGP5wJHg,1435,1.6314588633736815,30
oTXacfmCLz9mev6KORIfEQ,1436,1.8015868321061321,9
oW9PoxLCSMwZ6EEjKuPNjw,1437,1.4554167974096697,12
oZC6XSp9l29EL30RUJNfbA,1438,1.4829472755916095,8
o_G9cuzzwQv5f2lCbF0Cuw,1439,1.6032887985875395,14
o_IEnOVNuir0QNVkANzyXQ,1440,1.6386979434799467,5
oclkoOAyZ5A0glL-tPvnlw,1441,1.397487573335157,10
oeFiWvoOG0hpMOXXxblfyQ,1442,1.7102060292424686,15
ol6v1oKA62i-eBrO2UbVZg,1443,1.4614363770221104,35
omSG16AeMvabwK98cFymOA,1444,1.7765383915955608,13
opPpHVIp8SKHMJg3_y5Lew,1445,1.4456319783572371,15
oq_5fMXWp4fGd5KY-Kz8ig,1446,1.723288079638401,11
oqrkET25-S3LZK7OMuOUyg,1447,1.4262442658051893,21
ouODopBKF3AqfCkuQEnrDg,1448,1.4760687575901226,7
ouR8PiCOxiWfaPoFLnKBrA,1449,1.5861576822998582,9
ovZK-n6mOLNFD6yvTWi83g,1450,1.760708822231743,8
ow5vsvQXkJ9bv30hpf2nwQ,1451,1.7096992671207887,10
ox2ab08DqrfWLPo-dsFJWg,1452,1.554906090318203,6
oxpfL3j631JNVFHP5kU_vg,1453,1.2536002515647857,9
p063ARHcMFQurVHpXrs91A,1454,1.701718714530458,8
p2MN2X4gGPTk6eBmjKXIIA,1455,1.1413647179442212,9
p5AXKTixc9NleUnSizZJcg,1456,1.373027750468682,10
p9Te35pHxuz0S7cI1NtTUw,1457,1.5001246884877313,7
pEMWzZ8qWY1T_K0HUoKDIA,1458,1.4483292713698337,14
pEzb9RfmnD2zn5wUPpdmzg,1459,1.6085523275192235,113
pFxmke6F_xduXhfu3-Qcag,1460,1.4199300846444394,8
pKListNsBB-9XGm2ahxxCg,1461,1.6021902098551017,10
pKiGZeMkUEwSsVfu1V4sJQ,1462,1.563393146863512,12
pMefTWo6gMdx8WhYSA2u3w,1463,1.5873993661019807,17
pRRxwmabZaEheHTrsl90CA,1464,1.8246561345253882,8
pTvR_xN-sWY5-jakTKw1ag,1465,1.60466331568993,6
pU28WUQrkCfKyVO3votcrw,1466,1.633420284658521,6
pV5yh55j12SWmipNv53qsQ,1467,1.5572898424560504,18
pW9LvtC-hZ0PRAOUn7aZ2A,1468,1.7721774318424417,12
pYkZRbznNaDUe-5Df165Xg,1469,1.5119945820747238,5
paua782iHct_i0DEvkO2nw,1470,1.6265649056280629,7
peeffWDR7fVpN4HgZX_OIQ,1471,1.696952417052275,20
pejXy09k_nGQsj0R0gXPyQ,1472,1.5946756989819106,6
pgyw2dl5Hv3rqmTz4B3uWQ,1473,1.519246913864396,38
pjZHcJtf5gZDdXStAfdKZw,1474,1.7476960573680587,6
pjyiGFo8GNQ4YvcukxbOug,1475,1.507704782902619,15
pl45R1_yHs9gYuW3m2iZzw,1476,1.8062084197168822,13
pnOP6Mz2NFYQyuhYtzl1vg,1477,1.4887720788808558,5
ppUS3G3bVNNqvjAKsi1BbA,1478,1.5546421615395705,38
ps00_kAh92IMjXqTzxuHrw,1479,1.5705831671508224,6
pthVs7oVVLdc6f3AYpINGQ,1480,1.8193888635281852,9
puMWOwZTa1A2B9oMRFl7KQ,1481,1.1734917863681928,7
pv6iucL4vcT4Bm69nd477g,1482,0.8742274329379803,5
q0x0Tke2gwXIExbITSLskg,1483,1.4073841048440705,3
q1xp8Pirb3tWZJNfjCosGw,1484,1.5848595169445303,6
q4f-x5SEi0WP6wbD4hCFtQ,1485,1.8286527238560428,10
q6XnQNNOEgvZaeizUgHTSw,1486,1.722552811818749,5
q8UxMVlmQJyG4qVSR7hQkg,1487,1.5399086293109767,10
qB1M_McCvc2WUnYxx_FFLg,1488,1.5522319690489235,21
qF0zZHtqaMbFF3UePDCaHg,1489,1.6965327615291013,9
qGSrT9FfUZAgY-Jm2Co9sQ,1490,1.7017034691268675,8
qKpkRCPk4ycbllTfFcRbNw,1491,1.3436085106870712,87
qLzy8aZLXZ_ul-ohtRpGpQ,1492,1.5012443710905534,2
qMM8ZiYOK0H6tL-o2k8UiA,1493,1.6787545355600486,8
qPGhjScyxtuHrWXN4A8VXg,1494,1.6667882301822898,7
qSEsjIiXb-TTua0vLR1-0A,1495,1.354478042826345,6
qUqyWV4DnxEChu1xk24DqA,1496,1.6631062880665202,6
qVGoUuhfFjbBMMRL4Vje8A,1497,1.5641586961866718,7
qVRavGPFSpCarN21vCOHRw,1498,1.529000181373251,40
qWGy5yKXlOo3QUl1fswKGA,1499,1.8482496037418374,13
qYjEjgA2YpxBg2L5K7_nCg,1500,1.473062551187787,46
qZeX1ZZkN7DXk10keuGOhg,1501,1.632299085019105,8
qZfMILmXeiTGiZQXJ15iBw,1502,1.5046279990788687,25
qZn4-4_ApTfiJHRTSwJAlQ,1503,1.5787019813131395,25
qZxTy1dTfwdkA8eiiGYkfQ,1504,1.4390275548816787,11
qcQeOi3QYQufadQEp_6ZBg,1505,1.4380402042296705,13
qeT7hJoZRtGuUuaL2TdFYQ,1506,1.6433075703483913,11
qe_Yiq-Gm60TA9cK0VfbiA,1507,1.5233953740626147,12
qgXcgfdrk5tzmLBq4_h6mQ,1508,1.6432154651550714,13
qgamiVHi5Pgzptg9hhs_kg,1509,1.5227768775777297,13
qgx7q_dCA8Na9khyDL9ygg,1510,1.561582739089795,7
qnZkCGvLz6AB5cQN_J_pUA,1511,1.4020084261815347,28
qtOt27b-3Re6zM5OSBVFNQ,1512,1.5432372887596468,18
qwvqOG9UoClcR4iFnmAPHw,1513,1.6828123627237863,5
r1WfF83sPjX4VtmuJH-v3w,1514,1.6079114346667829,13
r1n_0dI5JKPz9bRzWDEf6Q,1515,1.3262746520693731,11
r3ZOsLoGgl8X3bYAWwx1SA,1516,1.0538456223009876,5
r7GHYNcXMwCxd5SIHNBsAQ,1517,1.7041968353175958,54
r86oJLgSioiM0-e-LymOpg,1518,1.1708405255273768,7
r8SquRSjwuupWLvUOmEOhA,1519,1.5318508011163923,11
rBXtnb1_1I4lEgIFMNKjuA,1520,1.6055254613040597,11
rCoC62Qi9xO5SZl5_ewjwQ,1521,1.6856206206690343,20
rFUE7QepJaxOpQsb40c9hw,1522,1.5063730980452485,21
rGd8YUtvhSdMm8-9cMdQ4Q,1523,1.4239213592792965,15
rKP9N78qc7ZGOIurzi_4NA,1524,1.3099603315594828,14
rLGg2H5CEnHD5T0Ijdh5qA,1525,1.8012410417336082,6
rLh63PoxknAV52w5IkmcQA,1526,1.4526523245034684,6
rN4RItq4xONM-cjgSfbvDQ,1527,1.6904836451990013,8
rRqQhRp2i3KCbx_P5fqrYA,1528,1.2036514353614884,13
rW-iz5OKzzp2WOHh-CC9uQ,1529,1.494623044404979,13
rXHInsuq5DRHJ_RbrwarYA,1530,1.3723501496227741,2
rXKjMIo0jVFmUfaqCqDs0Q,1531,1.4606379253842496,64
rXwggDuZbx7U8I_-AX58pQ,1532,1.6687841714817466,9
rYLFksli7mXB0MZxo3MHOw,1533,1.9444057982738236,7
raqTx1Tj-wTMs25mcDPMxQ,1534,1.1451868998453005,6
raqwXMIO8YrfHgxPWbBNrQ,1535,1.4953756377471072,16
reJ7c2yq3f8dODMslzODUQ,1536,1.6242908199440331,10
rgkQ6g5RM07PxJbwCVtBBg,1537,1.4520162377843437,24
rld4U_k0IheJTHkz99FIyg,1538,1.8897042585944124,8
rlphr1Hp6_x9e8yRGX42Fg,1539,1.702461556764988,8
rls4xC1sFAy6aLAoLtwXPA,1540,1.5324234924025282,5
rtQ5gKz8982aja96EUMooQ,1541,1.6606400618853532,37
rxmLZPW5ATGo4y-FFXLTXA,1542,1.7279710516703568,7
rztxnI_Uh_izxvq2hFzfrQ,1543,1.5926364462463392,8
s19c8t_yAmFrby90LjDk8g,1544,1.6329609493235455,8
s2uQo2Mu5LRr1VCblM72Wg,1545,1.7600670532572045,7
s9NmTncEz-Hi66M2v0-ZPA,1546,1.4431143693272,12
sAB5MmC1yTCfbn28EI_I3A,1547,1.4522315115973232,28
sDiiBvtwbwzTqEozByzaAQ,1548,1.6423668500824837,79
sFJjEc7ytSUV28Y7PpdMjQ,1549,1.6540132811788681,117
sKVpHfhkG_Nvgf_Vfb91Cg,1550,1.6185428421670247,110
sLhx_e9CveYKWQXUzUeCfg,1551,1.5637274360298454,7
sMhvlIPGLUlRA7QsWlqBOg,1552,1.4359181506392416,11
sO61wonTqxLnnGf7HL5Vnw,1553,1.6438822971401081,5
sOL82Hbfza89tKL6m_wBJA,1554,1.5055429801962106,34
sSFXp6HO0-eckiyP2-0m9w,1555,1.593329656406727,7
sTLe5n9amgwNPBShhwuYgA,1556,1.5608796765587973,9
sV3awT0mQ5CU_VdpVAwpTA,1557,1.5281528945598901,8
s_ushMFjAYjIvszJW2gOhQ,1558,1.753637010484522,9
sbz_MhjUkRG4tikC09Rc2g,1559,1.4814646568545125,17
schfOYW71VamTTdfzqDlXQ,1560,1.2280565903173593,5
scjh-XYsvl3vCXU9aALPHw,1561,1.6579353588404515,11
seR0RklSV0nbfXv31LtSxg,1562,1.4232227864120701,67
segRkXhf1vSCnEi_aHnGdg,1563,1.7243355867381576,4
sgO-FwBPk9ILVodd9H-QMQ,1564,1.409190677185753,18
siCkQhJcmmUzOq6qUTCUhA,1565,1.4596886540155944,29
skbZO4vHHHA-ejA_BUwKjg,1566,1.656267546310557,7
snbSGbWh9L4ZWAocIn2TvA,1567,1.730771069591206,7
sol8E_IsRZw6ZiKBzPHLjA,1568,1.8171440250125086,9
svIdwzMXUNDXWjfuMGMezw,1569,1.3504084268316001,11
swx0FJkZWb6nVP58ZsMl7w,1570,1.3133301767850776,60
syvwUKQJ4OYfmL_ixVLMeQ,1571,1.7330400076448786,7
t-50IK6nUdA9hoZpl9gnKg,1572,1.7698861776293258,9
t1ToOy7-4yumhNrY3K5GFA,1573,1.7468541038372303,9
t1o-3KgRmhALI9IuGZ7tNw,1574,1.7328917469364293,7
t3E47Ed0w-31q0QY6TGHMw,1575,1.439709647080408,11
t6EA5Nan-GsiattaFnnv9w,1576,1.6224637333035985,24
t903_es-gp3abvdrIQutQA,1577,1.6755200111281596,14
tAbsoPztS95_QRASN1APQg,1578,1.4653366355457205,15
tAtblebDRTiB9TkAxupncQ,1579,1.3732172492125614,27
tB6vkXCS_8PIh-T9g8t6IQ,1580,1.4947530441500672,18
tC7nLzxFoBJFQQU3BEtJlg,1581,1.8239060303299806,10
tCE_bn0EUdvQAPP7Zpm-ZA,1582,1.3469702809953337,7
tDJaEwuWZhbikgORsJyn4A,1583,1.3752218131264613,9
tDZZ2WAPzJui4o8g1DWQjA,1584,1.6865584083801175,29
tFWmPlHc1z0Maq4RWL8sDg,1585,1.481755435191406,8
tI2rN3tRz0chs1In6L4MHQ,1586,1.4999853024724579,9
tTA2Tzdu8BdBmgjRgGHvpw,1587,1.439863712196058,7
tXDvPbuIvPLrwKp7QjDIXQ,1588,1.9967508181966651,11
tXOiwYWuGwdI7r73Og4Rxw,1589,1.3882712392496601,24
tYUWYtK1-wSW5X2-Gc2ogA,1590,1.4240262407282784,29
tdY-XWVOyg-ZJvjjLyMbWQ,1591,1.35302956931156,8
ti9GUOGkHGjMQeoxmyhdSg,1592,1.4451012763373232,18
tlY0QMQDyfjQAEwHnzvFnw,1593,1.6131543316233723,16
tmqAnKBcKcVrAi2RxAD91A,1594,1.3494728706428838,20
tq0Ue_JdziYKlMJMSL3O2w,1595,1.6698128094872884,9
tuTOS6G6d3VjjVjnnMkuug,1596,1.5900937064974523,10
txBtOQ8uw0XGAFqLpPcWfA,1597,1.6011646145659624,11
tzvX9BsaUxmSckIwB7L3yA,1598,1.8001856852350164,9
u1_OF0lkoU274x6yhsXIyQ,1599,1.6685178476624112,36
u3DmS2s7yqNKB1cOpAzqHQ,1600,1.5790254465612472,10
u4iBXHU_ZCUIXymxkcsHdA,1601,1.5099602226720783,53
u7fT7qDPbj8nfZMS5ZiIdw,1602,1.4564543114817512,10
u90fGexn3fOD6ULsnfKlbA,1603,1.6767049917447425,11
uDPgnEv6jZa4CSv6NX49TQ,1604,1.3676802467376012,8
uEKuEB0lsvd-Ht8z4ekEiw,1605,1.8262397815014821,11
uIB8qFzG5E3PUGfiCiUmqg,1606,1.6141030988406933,9
uM43N9FOplHdUHkzy__bew,1607,1.5308305658398975,21
uN-R8j0JexLz2AEBYOByIA,1608,1.532559579961329,10
uNxljtnKZHvsdMZ8ZFRffw,1609,1.2663831838745052,15
uQx7RRXypKCxLmI_oSBIeQ,1610,1.3897938654609652,16
uZs6YgcRBIknK7MwCSqDGw,1611,1.8284126221608326,8
u_89MyNZ3wUz_6J4w1IQeQ,1612,1.2232896872554884,11
udOuZIzxeI5ARQnIXnxzmw,1613,1.3491513860170514,9
uigtkVdc3hzJmYE3-AhpQQ,1614,1.8721493087779586,6
ujOwZo999jM6bhkSXOX61w,1615,1.6488389954508615,18
ulS2eH2_Clvf3kvZE4UiXA,1616,1.2387041876047633,21
ulbrwY4s1CdcV0nz3Vz38g,1617,1.6720433551861211,18
um-78ffjtSyezySmMC0fLg,1618,1.544714941013842,7
uodHkYmfzbOnxbXArcZU0w,1619,1.9915938166256866,6
uph2mQG4TnSicYIISZx3Nw,1620,1.5815965789933315,18
upiwLt_Rl6MWL9eGfoR6og,1621,1.5222155001585567,16
urKIN42uSs5WTWyo-xOh7A,1622,1.4533389230283578,7
ut_R719oFYxeKx2hS9r8RA,1623,1.575298083964583,6
uwnP-t4ACOqO4kgP7m1LWA,1624,1.6920558746065117,10
v4kG1fqMonGs7ppocBNLPg,1625,1.4789059344545716,14
v4zhnMe_T5gj5pYeh9k4VA,1626,1.4945000298505433,9
v5HZqSBEUJpL9pASSINg2g,1627,1.9517838816159978,11
v6C7g7j6ISUNctDqFTs3Rg,1628,1.0310276524965716,14
vAB2A3Fq7lUg4XcK0E3Akw,1629,1.463844110357531,13
vDKJJVVwV-cuFz69jYEB1Q,1630,1.0021181205307952,35
vFv7k_PpQ4-2mnaFh1mPJg,1631,1.5125103358533367,9
vGohRKrqPgCJak3Jp6nGMA,1632,1.5142340941943457,17
vJ9GXhmGZhpZA_HSt4VhGA,1633,1.5366728986305023,9
vJVrWk9cyHLTtPRsI_AGWA,1634,1.523568072711438,10
vRDPasWQ0MaWqE3Op19Lhw,1635,1.762558424337776,10
v_kpLsdPvcspYeWWSJ8vGw,1636,1.5748099687994375,4
v_lsxDKlCuPWfgH9WcuGQg,1637,1.5932323025141149,10
vaPXFapLk8Pz8gfHBVBpRA,1638,1.4269034437914547,6
vdPg5IkkkchhKgz_fN0CGQ,1639,1.966401462172281,6
veqfgg2AkKs_L70fx1Quag,1640,1.2338248012557274,10
vjLtbZTQpETR9InYE08rJA,1641,1.5581193938721152,9
vk2oHVeLHKz_opAj3kx9pg,1642,1.6213606361508255,13
vnTq4H7r1lw-zEu5WwH3GA,1643,1.6255357594037294,24
vnleJhOXxvp7b6YEMiVzrA,1644,1.4982083627861131,6
vo2i595_NE6-pr0nGcJVYg,1645,1.8030276669495477,20
voDqNNoB-9KLlczLhRqStA,1646,1.4536308699276894,12
voFxNdzhG-cDrW_9NzFGbw,1647,1.5482365086202805,58
vpldxbdbHIWdtm3CU49bsA,1648,1.8218753262100118,6
vsKRK50xBL8hy3Kb_dqGlg,1649,1.6598011023735013,18
vu9dmqZiZSm3ijUP-7HmKA,1650,1.2843624435282435,3
vw9JWzcvXLalOUvaKsef9g,1651,1.1687512663413822,8
vxNjUAnrEPqPjBmIe7F4GQ,1652,1.4849499851419712,6
vz4niiX2FnOfFTQMaHtn9Q,1653,1.7882346992284952,6
w-gL6px0iCRb8lJcEFXzlA,1654,1.5080648999587578,10
w9ylLmBCzlAh-xYj7LPC1Q,1655,1.7618186417537982,27
wAapkfuOdtIMajbFotOY5Q,1656,1.5666267285439555,17
wEE-YMx5pmSuagLtNxMPKA,1657,1.6235686511328613,10
wLj1I8yQVEJUHMlEaPVZGA,1658,1.734620196645174,4
wMMpgxsQ5SdYEZXJzf6Mjw,1659,1.4627578060053184,7
wNgCoH8qlfTxAV_z11wGYQ,1660,1.042660129531709,4
wPT7Uxcn0IMxnPa7AM-NWg,1661,1.4585006852252493,23
wQLqTg9_f9KxV4yr_I0JYA,1662,1.5144791215902027,21
wW72FaqNPv6pdBC6AUqvcA,1663,1.6827616968657757,20
wZPizeBxMAyOSl0M0zuCjg,1664,1.5030949952204078,8
wb_BRhsZh0b3s3yQA14jkw,1665,1.6885757003008954,33
wd0uUNvtEFDfNzoI44Om-w,1666,1.2989763258334623,8
weK0TNVmohcLsCfJTzgZGg,1667,1.6568473479601886,13
wfXnisPUtsckqx71YRSBOQ,1668,1.5458300261442326,12
wffnrXJoLppOlvNOZKU70A,1669,1.3733310765616655,10
whINg-cC-FiAv_ATDGMDTg,1670,1.5914508578532438,21
wio2PT99Eth_4Kf0MynIDw,1671,1.6334879937199709,29
wlLjTKFAkwYNuGd8b7Rwbw,1672,1.3840764631532132,21
wlqvtPuEHVwPJgBXtH8FfQ,1673,1.6080273424334788,8
wo632pzj23-Di2RakSugjQ,1674,1.503653136530482,12
wregZkyJ3efquMrnrgqGQw,1675,1.397222062279278,14
ws6wpoOFtyeotIebsUXkbg,1676,1.3013052534242895,13
ws8w3gzeKvdJ04vkKSiYvw,1677,1.6102229184505679,12
wvkAp_FO_u2S0mklkIa93w,1678,1.704777473404165,8
wwPSdOrW0jVNgzr8whD0Jw,1679,1.60180648562293,73
ww_pSkgTrK6WQZ3O5o6RjQ,1680,1.5421284452532913,31
wxRVZowoEoy7kscvU-FX-w,1681,1.4734322525527983,50
wzY7hmy0VDqC8Dc8_-5-fA,1682,1.71713348370518,7
wzyGNvArcpUjZauRWFrKHA,1683,1.6105818310893187,20
x-DJDSf5pRnP2q9pLm4iyQ,1684,1.6987212106422056,7
x1APtpT229mo4PCnu8T81Q,1685,1.608051526624997,10
x2o4DyS9DUUTD2S0vwlDCQ,1686,1.701915959458731,11
x2rtzRsNrJtnKLwUa9dp1g,1687,1.4104327335615858,65
x459culD4Wy_auLcAoQgrw,1688,1.5156402634721773,19
x64CBrDNGDAMBsurKyQKjQ,1689,1.4679983511814765,14
x8DD07PHJ1CHO8qic4QOgA,1690,1.7571408211719448,15
xC-q_yh0XwcjRLimkS3RNg,1691,1.5834862919837132,24
xCNhZtsdXOPr8AwMO8gUuw,1692,1.7632601128613454,16
xCdShNSUgXrF2sAZas4f1w,1693,1.418183700877497,11
xE3Rw9S6JLCFHTLjCHtKSA,1694,1.673240793431258,9
xEzPJcx5Ny6NLm0p974dJA,1695,1.7461295060014215,8
xJpvRrk04rb4rgWtMXaPUQ,1696,1.7730205049301289,16
xO3EIJR0QNzM3CdajinWtw,1697,1.6172289966491376,91
xOWQnTJjdgkYTi-3nbjbgg,1698,1.6991753276320423,7
xQC-G-9bxyXEsy-GQ-UTEw,1699,1.319208467459172,20
xRBnIhqYTJZcEA4-wuZ4uA,1700,1.7043199386350398,34
xRYvFaMGWsvKcLCFtRIzWQ,1701,1.6830348660029573,52
xU3sDPonLx1_w4t6wOOpdg,1702,1.7989706959284422,13
x_RnrZm7bfS4U31Bz_1jIA,1703,1.6534075098786214,6
xnQ3ZT7XIh7NdzfWJTLsUQ,1704,1.6085456222780241,8
xnsdh6cnfmaP9hxada3jLQ,1705,1.5356759782071807,7
xoVjlKraxi0QYoFhwCEpmA,1706,1.8483293508071579,4
xp9UEkFyz7h7Ii1XVzU4tA,1707,1.6928435941557987,8
xq6-0j26VVYVFBdPb7RvQQ,1708,1.5363916462908667,17
xuuKsPQqXMUi-7WhtzOSAA,1709,1.7045143191020888,11
xz5-2fSiTyAzLybdB9tU7w,1710,1.5920226316282353,11
y1DPubHfcPMt2T5tfBL8Ww,1711,1.613153175535627,6
y22jM83qCgsNGryv9328gQ,1712,1.639350163489985,7
yABu0siSGhme2JpUA1x0PQ,1713,1.5337141029382582,11
yDOAC2BvJtVjH92Cj92kLg,1714,1.1397472195805463,5
yE1cGkyofu3z8T5Tm1kNNg,1715,1.264785529306516,14
yFPvJj833AT0O6Vq6HUmPQ,1716,1.218207255237612,32
yFu4dYTEYnvI7HwqIqAf0A,1717,1.7938699221939174,6
yHykh6VFpsH_V62bRaq3FQ,1718,1.540986597087153,29
yIFyaNq4oCLoYkY1Gi0XAw,1719,1.2165149982700942,15
yML2P1evj7FrLncIgaFzHw,1720,1.4896294292644152,34
yR7c002FKAnehKj3rtexEw,1721,1.7052096403692731,10
yRgJ0HkDOkA0UeE09CiXAw,1722,0.9992531930157831,15
yT_QCcnq-QGipWWuzIpvtw,1723,1.3942505585230591,18
yUk9mGnz729OOwzKuv-tzQ,1724,1.9134928368871158,9
yUmP_RlPI0715l9T5uPs2A,1725,1.4206542327529919,10
yVdLklsi8XAKDWLXJJBZjg,1726,1.3226001691774123,2
yX0g0cSodyqpIzfa6teVKg,1727,1.4169815832092583,9
y_gm01u44M2P7y_nZk6WtA,1728,1.3990716918862225,7
ya7ZuPbOJdPXM5nil952pg,1729,1.0457261672119735,24
yfW9H3NdSQvz1BQEyWGL2g,1730,1.296707620763329,5
yg7uGgGwgOomNkcVWYU1Xw,1731,1.3367280880630588,4
ygjIo5gLQ8wmsOcTDiHG2Q,1732,1.5565484208335962,37
yieD8kV0ygjl1Wnoaai9Fg,1733,1.8004794384883653,5
yjQW3JLJYMTbtDedmYrn8A,1734,1.8846128727635325,3
ylT3yucPqLuCiaOhN1o4-Q,1735,1.7469440883897207,10
ylqULmksKDA__qlOIfv0nw,1736,1.4112459326799487,8
yqoHT0sMejnR6RNPRCMh4A,1737,1.6950611239583333,6
yrPClyhG74dr7Az2IVbceQ,1738,1.524755227257902,17
ysCBsXWPB-LAiewVS3jZfQ,1739,1.7768930139000885,9
yyS4h7FGNCSEgvgPZaMYEQ,1740,1.4995705694844719,15
z3n4lF8oWYahp-3Hx56d7A,1741,1.761754404241814,8
z4SLb3j6NK9Otb0u7XKqdA,1742,1.7130404875829612,8
z8ckRjVaLQWAFaqKFwaodA,1743,1.6570357565560188,5
zA0XjKgyldStqotUc-9bFA,1744,1.520786470861339,8
zE49S2Em3l7vgIlvFzZFOw,1745,1.53936031885431,29
zFAjzhVWNCCAuDhgHqekzg,1746,1.5405078326223685,10
zIOxNinC6ofIwwGjO9rUWg,1747,1.509028972566329,79
zJ2vdk-2zwM-H7h_z6IQRg,1748,1.0069391632982827,5
zJMW0W1932Uv9AV6GPV-Og,1749,1.3006379369308438,15
zJNHkZeGFuyjz472lmGNTA,1750,1.5764763253943967,15
zKDv6DXVdhty3XS0TNFlgw,1751,1.6543405866811078,9
zL-y2UwwhlPf7VK8Bhevrw,1752,1.6986591284014045,11
zLkbxR1IvwnEbbztvZDfmw,1753,1.6353479156574142,21
zOqB2XBzkk7Unu82n7PR7A,1754,1.6210614697258843,9
zPNrEv30Piqoig3YG4en2g,1755,1.429877689671485,7
zR2RIA8HL2YoRwuwy-4E6g,1756,1.0057043192884902,33
zSsBOGc90yK8t8h5_hGBAA,1757,1.5158709282715945,12
zT9WFNJXeQZBA-WJMsV4Zw,1758,1.7759258144669305,9
zX0v7edWnSAo-8hEly-_1w,1759,1.4813175442369506,21
zZkUkK9M0v02qHBCCm5zaA,1760,1.4753176719449694,11
z_JNWGXvxdrukAQwgsU9vA,1761,1.6978036655872408,13
zb2H10dKNiUg9crNyvE86A,1762,1.272893020608189,9
zcF_9YXkPsGcRUsJjtvXcw,1763,1.5741527787223213,8
zfOhqMhgOoSBNlpFy9ErVA,1764,1.5005338885330544,10
zhg-j5H6UsCd_DnpvNIprA,1765,1.3356953217990886,18
zrxI4UP5BhuzX_5SsmzQEw,1766,1.628676487254113,19
ztnFttrQ7Rz5neGMcFsXxg,1767,1.5539861411115774,4
zyg4-MFtfPWmwucVazSjfw,1768,1.1742914513047236,11
zzgb9L3NBT9V8BGw_DcVYw,1769,1.7266906611365227,23
